代码,2.窑炉类别,3.窑炉类别代码,4.投入使用时间（年）,8.名称（能源）,9.计量单位（能源）,10.消耗量（能源）,8.代码（处理方法）1,10.代码（处理的主要污染物）1,11.处理效率（%）（处理的主要污染物）1,8.代码（处理方法）2,10.代码（处理的主要污染物）2,11.处理效率（%）（处理的主要污染物）2,8.代码（处理方法）3,10.代码（处理的主要污染物）3,11.处理效率（%）（处理的主要污染物）3
520101000000G121442463400,冲天炉,24,1996,105,吨,388.02,#N/A,#N/A,#N/A,#N/A,#N/A,#N/A,#N/A,#N/A,#N/A
520101000000G170950991200,其他熔化炉,25,1997,101,吨,1500,#N/A,#N/A,#N/A,#N/A,#N/A,#N/A,#N/A,#N/A,#N/A
520101000000G171436524700,有色金属熔炼炉,14,2006,101,吨,26,#N/A,#N/A,#N/A,#N/A,#N/A,#N/A,#N/A,#N/A,#N/A
520101000000G171436549000,有色金属熔炼炉,14,1999,101,吨,113,#N/A,#N/A,#N/A,#N/A,#N/A,#N/A,#N/A,#N/A,#N/A
520101000000G173096331900,其他熔化炉,25,2006,600,万千瓦时,2.4,e,2100,93,0,0,0,0,0,0
520101000000G173661516000,沸腾炉,73,2001,101,吨,97.5,D,2001,99.8,0,0,0,0,0,0
520101000000G174570681700,砖瓦窑,86,2004,101,吨,10,D,2001,99.8,0,0,0,0,0,0
520101000000G177056931600,电弧炉,110,1985,600,万千瓦时,41,D,2001,99.8,0,0,0,0,0,0
520101000000G177056931600,电弧炉,110,1985,600,万千瓦时,40,D,2001,99.8,0,0,0,0,0,0
520101000000G178019656800,其他工业炉窑,190,2006,101,吨,49.52,D,2001,99.8,0,0,0,0,0,0
520101000000G1L0328178700,砖瓦窑,86,2005,101,吨,10,D,2001,99.8,0,0,0,0,0,0
520101000000G1L1286347100,砖瓦窑,86,2004,101,吨,30,D,2001,99.8,0,0,0,0,0,0
520101000000G1L1287193000,砖瓦窑,86,2006,101,吨,10,D,2001,99.8,0,0,0,0,0,0
520102000000G121440982100,电弧炉,110,2001,600,万千瓦时,7735.05,G,2001,80,0,0,0,0,0,0
520102000000G121440982100,电弧炉,110,2004,600,万千瓦时,2782.08,G,2001,80,0,0,0,0,0,0
520102000000G121440982100,钢铁连续加热炉,31,1999,101,吨,4842,G,2001,80,0,0,0,0,0,0
520102000000G121440982100,钢铁连续加热炉,31,1998,101,吨,12426,G,2001,80,0,0,0,0,0,0
520102000000G121440982100,钢铁连续加热炉,31,2004,101,吨,6029,G,2001,80,0,0,0,0,0,0
520102000000G121440982100,钢铁连续加热炉,31,2001,101,吨,2884,G,2001,80,0,0,0,0,0,0
520102000000G121440982100,钢铁连续加热炉,31,1997,101,吨,5102,G,2001,80,0,0,0,0,0,0
520102000000G121447003200,水泥窑,81,1998,101,吨,37252.82,D,2001,97,0,0,0,0,0,0
520102000000G121447003200,水泥窑,81,2003,101,吨,59092.18,D,2001,97,0,0,0,0,0,0
520102000000G121450285800,水泥窑,81,1987,101,吨,3540,E,2001,85,0,0,0,0,0,0
520102000000G121456095100,钢铁间隙加热炉,33,1997,101,吨,240,E,2001,85,0,0,0,0,0,0
520102000000G172213715600,钢铁熔化炉,21,1999,101,吨,40,E,2001,85,0,0,0,0,0,0
520102012008G121440982100,电弧炉,110,2001,600,万千瓦时,15123.93,G,2001,80,0,0,0,0,0,0
520102012008G121440982100,电弧炉,110,2004,600,万千瓦时,7175.24,G,2001,80,0,0,0,0,0,0
520102012008G121440982100,钢铁连续加热炉,31,1998,101,吨,3626,G,2001,80,0,0,0,0,0,0
520102012008G121440982100,钢铁连续加热炉,31,1998,101,吨,3722,G,2001,80,0,0,0,0,0,0
520102012008G121440982100,钢铁连续加热炉,31,1999,101,吨,9961.2,G,2001,80,0,0,0,0,0,0
520102012008G121440982100,钢铁连续加热炉,31,1998,101,吨,11061.4,G,2001,80,0,0,0,0,0,0
520102012008G121440982100,钢铁连续加热炉,31,2004,101,吨,5926,G,2001,80,0,0,0,0,0,0
520102012008G121440982100,钢铁连续加热炉,31,2004,101,吨,2141,G,2001,80,0,0,0,0,0,0
520102012008G121440982100,钢铁连续加热炉,31,1997,101,吨,4342,G,2001,80,0,0,0,0,0,0
520102013005G121447003200,水泥窑,81,1998,101,吨,40560,d,2001,98.5,0,0,0,0,0,0
520102013005G121447003200,水泥窑,81,2003,101,吨,78871,d,2001,98.5,0,0,0,0,0,0
520102014005G121445904400,冲天炉,24,1992,105,吨,88,j9,2001,85.9,0,0,0,0,0,0
520102201204G121450285800,水泥窑,81,1987,101,吨,50000,E,2001,85,0,0,0,0,0,0
520103000000G121455076100,砖瓦窑,86,1979,101,吨,600,Y1,2003,75,0,2099,75,0,2100,80
520103000000G121455076100,,,,600,万千瓦时,4,Y1,2003,75,0,2099,75,0,2100,80
520103000000G179527709600,钢铁热处理炉,51,2008,600,万千瓦时,308,Y1,2003,75,0,2099,75,0,2100,80
520103014003G121441450800,钢铁间隙加热炉,33,2001,105,吨,37.98,Y1,2003,75,0,2099,75,0,2100,80
520103100201G121454321100,其他熔化炉,25,1997,600,万千瓦时,40.12,Y1,2003,75,0,2099,75,0,2100,80
520103100201G121455069X00,其他熔化炉,25,1996,600,万千瓦时,1.7,Y1,2003,75,0,2099,75,0,2100,80
520103100201G171431289000,其他熔化炉,25,2002,105,吨,3,Y1,2003,75,0,2099,75,0,2100,80
520103100201G173663145400,其他熔化炉,25,2006,105,吨,40,Y1,2003,75,0,2099,75,0,2100,80
520103100207G121445294200,热处理炉（<1000℃）,50,1968,101,吨,151,C,2001,15,C,2002,70,0,0,0
520103100208G121453118100,其他熔化炉,25,1992,600,万千瓦时,6.01,C,2001,15,C,2002,70,0,0,0
520103100209G121455076100,砖瓦窑,86,1979,101,吨,150,Y1,2100,90,Y1,2002,90,Y1,2003,90
520103100209G121455076100,,,,600,万千瓦时,4,Y1,2100,90,Y1,2002,90,Y1,2003,90
520103100210G121453661X00,冲天炉,24,2005,105,吨,5,Y1,2100,90,Y1,2002,90,Y1,2003,90
520111001200G1520111G0079,其他工业炉窑,190,2001,101,吨,8,Y1,2100,90,Y1,2002,90,Y1,2003,90
520111001201G121456736000,感应炉（高温冶炼）,120,1996,106,万千瓦时,15,Y1,2100,90,Y1,2002,90,Y1,2003,90
520111001201G121456736000,钢铁热处理炉,51,1996,101,吨,14,Y1,2100,90,Y1,2002,90,Y1,2003,90
520111001201G1520111G0077,其他工业炉窑,190,2001,101,吨,57,Y1,2100,90,Y1,2002,90,Y1,2003,90
520111001206G121456312400,其他工业炉窑,190,1,106,吨,230,Y1,2100,90,Y1,2002,90,Y1,2003,90
520111001206G121456312400,其他工业炉窑,190,1,106,吨,130,Y1,2100,90,Y1,2002,90,Y1,2003,90
520111001206G166697378100,,,2007,,,800,Y1,2100,90,Y1,2002,90,Y1,2003,90
520111001206G172210406300,其他干燥炉（窑）,99,2001,101,吨,233,Y1,2100,90,Y1,2002,90,Y1,2003,90
520111002003G171436750900,其他化工炉,79,2000,106,万千瓦时,15000,E,2100,90,0,0,0,0,0,0
520111002200G191456019400,砖瓦窑,86,2002,101,吨,300,E,2100,90,0,0,0,0,0,0
520111002201G170963851100,砖瓦窑,86,1998,101,吨,221.29,E,2100,90,0,0,0,0,0,0
520111002202G121456590400,砖瓦窑,86,2007,101,吨,250,E,2100,90,0,0,0,0,0,0
520111002204G1121456301x0,砖瓦窑,86,1985,101,吨,8148,E,2100,90,0,0,0,0,0,0
520111002204G121456301x00,砖瓦窑,86,1985,101,吨,1915,E,2100,90,0,0,0,0,0,0
520111002204G121456301x00,砖瓦窑,86,1985,101,吨,1915,E,2100,90,0,0,0,0,0,0
520111002204G172219044000,砖瓦窑,86,1982,101,吨,1126,E,2100,90,0,0,0,0,0,0
520111002204G172219044000,砖瓦窑,86,1982,101,吨,1126,E,2100,90,0,0,0,0,0,0
520111002204G172219044000,砖瓦窑,86,1982,101,吨,1126,E,2100,90,0,0,0,0,0,0
520111002204G172219044000,砖瓦窑,86,1982,101,吨,1126,E,2100,90,0,0,0,0,0,0
520111002204G172219044000,砖瓦窑,86,2000,101,吨,1608,E,2100,90,0,0,0,0,0,0
520111002204G172219044000,砖瓦窑,86,2000,101,吨,1608.96,E,2100,90,0,0,0,0,0,0
520111003201G171436713800,水泥窑,81,2000,101,吨,11000,E,2001,99.7,0,0,0,0,0,0
520111003201G171436713800,水泥窑,81,2000,101,吨,10500,E,2001,99.7,0,0,0,0,0,0
520111003201G171436713800,水泥窑,81,2000,101,吨,11500,E,2001,99.7,0,0,0,0,0,0
520111003204G121456060100,水泥窑,81,1999,101,吨,4084,A,2001,98.33,0,0,0,0,0,0
520111003204G121456060100,水泥窑,81,2003,101,吨,4521,A,2001,98.33,0,0,0,0,0,0
520111003204G121456060100,水泥窑,81,2003,101,吨,831,A,2001,98.33,0,0,0,0,0,0
520111003204G121456851500,非金属熔化炉、冶炼炉,23,2007,101,吨,300,A,2001,0,0,0,0,0,0,0
520111003204G121456851500,,,,,,,A,2001,0,0,0,0,0,0,0
520111003205G121456032900,水泥窑,81,1999,101,吨,8717.5,A,2001,98.33,0,2002,0,0,2003,0
520111101202G121445564100,非金属熔化炉、冶炼炉,23,2005,101,吨,5518.6,A,2001,98.33,0,2002,0,0,2003,0
520111101202G121445564100,,,,,,,A,2001,98.33,0,2002,0,0,2003,0
520111101202G121445564100,非金属熔化炉、冶炼炉,23,2004,101,吨,2759.4,A,2001,98.33,0,2002,0,0,2003,0
520111101202G121445564100,,,,,,,A,2001,98.33,0,2002,0,0,2003,0
520111101203G172218863100,非金属加热炉,35,2001,101,吨,200,c,2001,87.2,0,2002,15,0,0,0
520111101204G121456067900,水泥窑,81,2000,101,吨,2241,E,2001,99.7,0,0,0,0,0,0
520111102002G174112986400,其他干燥炉（窑）,99,2002,101,吨,2,E,2001,99.7,0,0,0,0,0,0
520111102201G172213890900,其他工业炉窑,190,6,101,吨,9.36,E,2001,99.7,0,0,0,0,0,0
520111102202G162243283600,非金属熔化炉、冶炼炉,23,2000,101,吨,1512,A,2002,0,0,2001,0,0,0,0
520111102202G162243283600,,,,,,,A,2002,0,0,2001,0,0,0,0
520111102205G121456577900,有色金属熔化炉,22,2005,600,万千瓦时,96,A,2002,0,0,2001,0,0,0,0
520111201201G177533193X00,钢铁热处理炉,51,2003,600,万千瓦时,12,A,2002,0,0,2001,0,0,0,0
520111201203G170950866100,耐火材料用炉,83,2006,101,吨,75,A,2002,0,0,2001,0,0,0,0
520111201204G162224146600,冲天炉,24,2001,105,吨,433,B,2100,0,0,0,0,0,0,0
520111201204G162224146600,冲天炉,24,2001,105,吨,434,B,2100,0,0,0,0,0,0,0
520111201207G170963888800,钢铁熔化炉,21,2004,106,万度,8000,E,2001,99.5,0,0,0,0,0,0
520111201207G170963888800,钢铁热处理炉,51,2004,101,吨,322.32,E,2001,99.5,0,0,0,0,0,0
520111201207G178015319700,非金属熔化炉、冶炼炉,23,2007,101,吨,800,c,2001,0,0,2002,0,0,2003,0
520111201207G178015319700,,,,,,,c,2001,0,0,2002,0,0,2003,0
520111201207G178015319700,非金属熔化炉、冶炼炉,23,2007,101,吨,800,c,2001,0,0,2002,0,0,2003,0
520111201207G178015319700,,,,,,,c,2001,0,0,2002,0,0,2003,0
520111201207G178979365X00,其他干燥炉（窑）,99,2007,101,吨,100,c,2001,0,0,2002,0,0,2003,0
520111201207G178979365X00,,,,,,,c,2001,0,0,2002,0,0,2003,0
520111202201G121456095100,钢铁间隙加热炉,33,1997,101,吨,718.5,c,2001,0,0,2002,0,0,2003,0
520111202203G172213715600,钢铁熔化炉,21,1999,101,吨,100,c,2001,0,0,2002,0,0,2003,0
520111202207G172217011600,非金属熔化炉、冶炼炉,23,2005,101,吨,310,c,2001,87.2,0,2002,85,0,0,0
520111202207G172217011600,非金属熔化炉、冶炼炉,23,2005,101,吨,410,c,2001,87.2,0,2002,85,0,0,0
520111202208G178547967100,非金属加热炉,35,2006,101,吨,108,c,2001,87.2,0,2002,85,0,0,0
520111203212G162242893300,其他熔化炉,25,1999,105,吨,1.8,c,2001,87.2,0,2002,85,0,0,0
520111203212G170950809800,有色金属熔炼炉,14,2004,101,吨,100,c,2001,87.2,0,2002,85,0,0,0
520111203213G121456079100,水泥窑,81,1988,101,吨,16190,E,2001,99.7,0,0,0,0,0,0
520111203213G121456079100,水泥窑,81,1995,101,吨,16190,E,2001,99.7,0,0,0,0,0,0
520111203213G121456079100,水泥窑,81,2001,101,吨,16191,E,2001,99.7,0,0,0,0,0,0
520111204203G170963825500,砖瓦窑,86,1998,101,吨,6,E,2001,99.7,0,0,0,0,0,0
520111204213G1520111G0260,有色金属熔炼炉,14,1999,101,吨,400,E,2001,99.7,0,0,0,0,0,0
520111205203G1L0329417400,其他加热、保温炉,39,,,,,E,2001,99.7,0,0,0,0,0,0
520111205204G191440119300,水泥窑,81,1997,101,吨,5960,E,2001,99.7,0,2002,0,0,2003,0
520111205207G121450417500,钢铁间隙加热炉,33,2004,600,万千瓦时,2.58,E,2001,99.7,0,2002,0,0,2003,0
520111205207G121450417500,,,,101,吨,68.4,E,2001,99.7,0,2002,0,0,2003,0
520111205207G1520111G0255,其他干燥炉（窑）,99,4,105,吨,4,E,2001,99.7,0,2002,0,0,2003,0
520111206214G1520111G0271,砖瓦窑,86,2007,101,吨,15,E,2001,99.7,0,2002,0,0,2003,0
520111206214G172215914400,砖瓦窑,86,2006,101,吨,43.8,E,2001,99.7,0,2002,0,0,2003,0
520111208001G121456269000,非金属熔化炉、冶炼炉,23,2005,101,吨,1182,A,2001,0,0,0,0,0,0,0
520111208001G121456269000,,,,,,,A,2001,0,0,0,0,0,0,0
520111208001G121456269000,非金属熔化炉、冶炼炉,23,2006,101,吨,1182,A,2001,0,0,0,0,0,0,0
520111208001G121456269000,,,,,,,A,2001,0,0,0,0,0,0,0
520111208205G171436786700,建筑卫生陶瓷窑,85,2007,101,吨,134,C,2001,91.6,0,0,0,0,0,0
520112000000G121443414600,有色金属熔化炉,22,2004,600,万千瓦时,40,F,2100,91.3,0,0,0,0,0,0
520112000000G121443414600,有色金属熔化炉,22,1991,600,万千瓦时,9.6,F,2100,91.3,0,0,0,0,0,0
520112000000G121443414600,有色金属熔化炉,22,2004,600,万千瓦时,0.8,F,2100,91.3,0,0,0,0,0,0
520112000000G121443414600,有色金属熔化炉,22,1999,600,万千瓦时,0.57,F,2100,91.3,0,0,0,0,0,0
520112000000G121443414600,有色金属熔化炉,22,1984,600,万千瓦时,0.6,F,2100,91.3,0,0,0,0,0,0
520112000000G121449449900,水泥窑,81,1998,,吨,8300,E,2001,0,0,0,0,0,0,0
520112000000G121459082700,砖瓦窑,86,1992,101,吨,262.3,E,2001,0,0,0,0,0,0,0
520112000000G121459098200,砖瓦窑,86,1993,101,吨,634,E,2001,0,0,0,0,0,0,0
520112000000G121459292900,水泥窑,81,1990,101,吨,5600,A,2001,98,0,0,0,0,0,0
520112000000G121459366500,砖瓦窑,86,1993,101,吨,370,A,2001,98,0,0,0,0,0,0
520112000000G121459368100,,,1996,101,吨,167,G,2001,0,0,0,0,0,0,0
520112000000G121459547000,砖瓦窑,86,1986,101,吨,385,G,2001,0,0,0,0,0,0,0
520112000000G121459603000,砖瓦窑,86,1996,,,,G,2001,0,0,0,0,0,0,0
520112000000G121459666300,水泥窑,81,2002,600,万千瓦时,200,A,2100,98.3,0,0,0,0,0,0
520112000000G121590184200,其他工业炉窑,190,2004,600,万千瓦时,2041,J2,2099,95,0,0,0,0,0,0
520112000000G162220103400,其他加热、保温炉,39,2002,101,吨,43,J2,2099,95,0,0,0,0,0,0
520112000000G162243452400,砖瓦窑,86,2002,,,,J2,2099,95,0,0,0,0,0,0
520112000000G162259412200,砖瓦窑,86,1989,101,吨,151,J2,2099,95,0,0,0,0,0,0
520112000000G168840373900,冲天炉,24,2000,105,吨,168,G,2001,0,0,0,0,0,0,0
520112000000G174572929300,其他加热、保温炉,39,2006,101,吨,578,G,2001,0,0,0,0,0,0,0
520112000000G178017788500,砖瓦窑,86,1995,101,吨,92.3,G,2001,0,0,0,0,0,0,0
520112000000G178976048700,有色金属熔炼炉,14,2002,101,吨,300,C,2001,0,0,2002,0,0,0,0
520112000000G178976048700,有色金属热处理炉,52,2006,600,万千瓦时,251,C,2001,0,0,2002,0,0,0,0
520112001201G121440000x00,有色金属熔化炉,22,2004,600,万千瓦时,40,f,2100,91.3,f,2001,92.5,0,0,0
520112001201G121440000x00,有色金属熔化炉,22,1991,600,万千瓦时,9.6,f,2100,91.3,f,2001,92.5,0,0,0
520112001201G121440000x00,有色金属熔化炉,22,2004,600,万千瓦时,0.8,f,2100,91.3,f,2001,92.5,0,0,0
520112001201G121440000x00,有色金属熔化炉,22,1999,600,万千瓦时,0.57,f,2100,91.3,f,2001,92.5,0,0,0
520112001201G121440000x00,有色金属熔化炉,22,1984,600,万千瓦时,0.6,f,2100,91.3,f,2001,92.5,0,0,0
520112002001G178549827400,钢铁熔化炉,21,2006,101,吨,99.5,f,2100,91.3,f,2001,92.5,0,0,0
520112002001G178549827400,钢铁熔化炉,21,2006,101,吨,99.5,f,2100,91.3,f,2001,92.5,0,0,0
520112002173G121590184200,其他工业炉窑,190,2004,600,万千瓦时,184,J2,2099,0,0,0,0,0,0,0
520112002173G191459233X00,冲天炉,24,2000,105,吨,108,G,2001,0,0,0,0,0,0,0
520112002202G121449449900,水泥窑,81,1998,100,吨,11302,E,2001,99.7,0,0,0,0,0,0
520112003202G121459066700,砖瓦窑,86,2002,707,吨,2,E,2001,99.7,0,0,0,0,0,0
520112003202G170950991200,其他熔化炉,25,2004,101,吨,3000,E,2001,99.7,0,0,0,0,0,0
520112003202G176135370800,砖瓦窑,86,2004,707,吨,1.14,E,2001,99.7,0,0,0,0,0,0
520112003202G177055632000,其他工业炉窑,190,2005,101,吨,1,E,2001,99.7,0,0,0,0,0,0
520112003202G177055632000,其他工业炉窑,190,2005,101,吨,1,E,2001,99.7,0,0,0,0,0,0
520112003202G177055632000,其他工业炉窑,190,2005,101,吨,1,E,2001,99.7,0,0,0,0,0,0
520112003202G177055632000,其他工业炉窑,190,2005,,,,E,2001,99.7,0,0,0,0,0,0
520112003202G177055632000,其他工业炉窑,190,2005,,,,E,2001,99.7,0,0,0,0,0,0
520112003202G177059575X00,水泥窑,81,1998,101,吨,7600,A,2001,85,0,0,0,0,0,0
520112003202G177059575X00,水泥窑,81,1995,,,,A,2001,85,0,0,0,0,0,0
520112003203G121442463400,冲天炉,24,1996,105,吨,388.02,A,2001,85,0,0,0,0,0,0
520112003203G121459513400,水泥窑,81,1995,101,吨,10700,A,2001,80,0,0,0,0,0,0
520112003203G166698222300,其他熔化炉,25,2003,101,吨,42,C,2001,84,0,0,0,0,0,0
520112003203G172215969700,其他熔化炉,25,2001,101,吨,20.4,C,2001,84,0,0,0,0,0,0
520112003203G174572450500,电弧炉,110,2003,600,万千瓦时,16.2,C,2001,84,0,0,0,0,0,0
520112003203G177056931600,电弧炉,110,1985,600,万千瓦时,85,C,2001,84,0,0,0,0,0,0
520112003203G177056931600,电弧炉,110,1985,600,万千瓦时,85,C,2001,84,0,0,0,0,0,0
520112003205G162243217400,其他熔化炉,25,1999,600,万千瓦时,4.3,C,2001,84,0,0,0,0,0,0
520112003206G174112628400,砖瓦窑,86,2001,101,吨,32,C,2001,84,0,0,0,0,0,0
520112003206G174114909900,砖瓦窑,86,2004,707,吨,13,C,2001,84,0,0,0,0,0,0
520112003208G171436524700,有色金属熔炼炉,14,2006,101,吨,559,C,2001,84,0,0,0,0,0,0
520112003208G171436524700,有色金属熔炼炉,14,2006,101,吨,559,C,2001,84,0,0,0,0,0,0
520112003208G171436549000,有色金属熔炼炉,14,1999,101,吨,183,C,2001,84,0,0,0,0,0,0
520112003208G171436549000,有色金属熔炼炉,14,1999,101,吨,183,C,2001,84,0,0,0,0,0,0
520112003211G121459279300,非金属熔化炉、冶炼炉,23,1990,101,吨,4,C,2001,84,0,0,0,0,0,0
520112003211G121459444900,非金属熔化炉、冶炼炉,23,1988,600,万千瓦时,1300,C,2001,84,0,0,0,0,0,0
520112003211G162241639300,非金属熔化炉、冶炼炉,23,1994,600,万千瓦时,25,C,2001,84,0,0,0,0,0,0
520112003211G162259475500,化工用炉,70,1993,600,万千瓦时,11.36,C,2001,84,0,0,0,0,0,0
520112003211G171436509500,非金属熔化炉、冶炼炉,23,1999,600,万千瓦时,5.72,C,2001,84,0,0,0,0,0,0
520112003211G179527709600,化工用炉,70,1993,600,万千瓦时,220,C,2001,84,0,0,0,0,0,0
520112003214G173096331900,其他熔化炉,25,2006,600,万千瓦时,4.2,E,2100,93,0,0,0,0,0,0
520112003214G178019261200,有色金属熔化炉,22,2007,600,万千瓦时,16.51,E,2100,93,0,0,0,0,0,0
520112003214G178019261200,有色金属熔化炉,22,2007,600,万千瓦时,32.79,E,2100,93,0,0,0,0,0,0
520112003214G178019261200,有色金属熔化炉,22,2007,600,万千瓦时,12.43,E,2100,93,0,0,0,0,0,0
520112003214G178019261200,有色金属熔化炉,22,2007,600,万千瓦时,8.3,E,2100,93,0,0,0,0,0,0
520112003214G178019261200,有色金属熔化炉,22,2007,600,万千瓦时,8.38,E,2100,93,0,0,0,0,0,0
520112003214G178019261200,有色金属熔化炉,22,2007,600,万千瓦时,12.46,E,2100,93,0,0,0,0,0,0
520112003214G178019261200,有色金属熔化炉,22,2007,600,万千瓦时,8.36,E,2100,93,0,0,0,0,0,0
520112003214G178019261200,有色金属熔化炉,22,2007,600,万千瓦时,16.58,E,2100,93,0,0,0,0,0,0
520112003214G178019261200,有色金属熔化炉,22,2007,600,万千瓦时,20.54,E,2100,93,0,0,0,0,0,0
520112003214G178019261200,有色金属熔化炉,22,2007,600,万千瓦时,8.37,E,2100,93,0,0,0,0,0,0
520112003214G178019261200,有色金属熔化炉,22,2007,600,万千瓦时,8.11,E,2100,93,0,0,0,0,0,0
520112003214G178019261200,有色金属熔化炉,22,2007,600,万千瓦时,16.2,E,2100,93,0,0,0,0,0,0
520112003214G178019261200,有色金属熔化炉,22,2007,600,万千瓦时,12.35,E,2100,93,0,0,0,0,0,0
520112003214G178019261200,有色金属熔化炉,22,2007,600,万千瓦时,16.17,E,2100,93,0,0,0,0,0,0
520112003214G178019261200,有色金属熔化炉,22,2007,600,万千瓦时,13.27,E,2100,93,0,0,0,0,0,0
520112003214G178019261200,有色金属熔化炉,22,,,,,E,2100,93,0,0,0,0,0,0
520112003214G178019261200,有色金属熔化炉,22,,,,,E,2100,93,0,0,0,0,0,0
520112003214G178019261200,有色金属熔化炉,22,,,,,E,2100,93,0,0,0,0,0,0
520112003214G178019261200,有色金属熔化炉,22,,,,,E,2100,93,0,0,0,0,0,0
520112003214G178019261200,有色金属熔化炉,22,,,,,E,2100,93,0,0,0,0,0,0
520112003214G178019261200,有色金属熔化炉,22,,,,,E,2100,93,0,0,0,0,0,0
520112003214G178019261200,有色金属熔化炉,22,,,,,E,2100,93,0,0,0,0,0,0
520112003214G178019261200,有色金属熔化炉,22,,,,,E,2100,93,0,0,0,0,0,0
520112003214G178019261200,有色金属熔化炉,22,,,,,E,2100,93,0,0,0,0,0,0
520112100209G173661516000,沸腾炉,73,2001,100,吨,120,E,2100,93,0,0,0,0,0,0
520112101003G121459603000,砖瓦窑,86,1996,101,吨,600,E,2100,93,0,0,0,0,0,0
520112101005G121455020000,其他加热、保温炉,39,2000,101,吨,15,E,2100,93,0,0,0,0,0,0
520112101005G121459547000,砖瓦窑,86,1986,101,吨,404,E,2100,93,0,0,0,0,0,0
520112101201G162259412200,砖瓦窑,86,1989,600,万千瓦时,99.4,E,2100,93,0,0,0,0,0,0
520112101201G171436234500,感应炉（高温冶炼）,120,2006,,万千瓦,2.8,E,2100,93,0,0,0,0,0,0
520112101206G121445006600,其他加热、保温炉,39,1994,101,吨,60,E,2100,93,0,0,0,0,0,0
520112101206G121459082700,砖瓦窑,86,1993,101,吨,440,E,2100,93,0,0,0,0,0,0
520112101206G162243452400,砖瓦窑,86,2002,600,万千瓦时,149.24,E,2100,93,0,0,0,0,0,0
520112101206G162259494X00,其他化工炉,79,2007,600,万千瓦/时,23.35,J2,2099,60,0,2006,90,0,0,0
520112101206G173661050600,沸腾炉,73,2006,101,吨,50,J2,2099,60,0,2006,90,0,0,0
520112101206G178976048700,有色金属熔炼炉,14,2002,101,吨,480,C,2001,0,0,2002,0,0,0,0
520112101206G178976048700,有色金属热处理炉,52,2006,600,万千瓦时,450,C,2001,0,0,2002,0,0,0,0
520112101207G121459366500,砖瓦窑,86,2000,101,吨,479,C,2001,0,0,2002,0,0,0,0
520112101207G162220103400,其他加热、保温炉,39,2002,101,吨,71,C,2001,0,0,2002,0,0,0,0
520112101207G178975579200,其他工业炉窑,190,1988,101,吨,30,C,2001,0,0,2002,0,0,0,0
520112101208G121459098200,砖瓦窑,86,1993,101,吨,20,C,2001,0,0,2002,0,0,0,0
520112101208G1L1285675700,其他加热、保温炉,39,2006,101,吨,84,C,2002,0,0,2001,0,0,2003,0
520112101209G121459322700,水泥窑,81,1981,101,吨,2845,A,2001,98,0,0,0,0,0,0
520112101209G178017788500,砖瓦窑,86,1995,101,吨,92.3,A,2001,98,0,0,0,0,0,0
520112101210G121459292900,水泥窑,81,1990,101,吨,7323,A,2001,98,0,0,0,0,0,0
520112102203G175536452300,电弧炉,110,2004,600,万千瓦时,1237,E,2100,99.5,0,0,0,0,0,0
520112102203G175536452300,电弧炉,110,2004,,,,E,2100,99.5,0,0,0,0,0,0
520112102203G175538533200,电弧炉,110,2006,600,万千瓦时,2676.08,E,2100,99.5,0,0,0,0,0,0
520112102203G175538533200,电弧炉,110,2006,600,万千瓦时,364.92,E,2100,99.5,0,0,0,0,0,0
520112102209G121459666300,水泥窑,81,2002,600,万千瓦时,204,A,2100,98.3,0,0,0,0,0,0
520112102209G170966422600,电弧炉,110,2000,600,万千瓦时,1127,A,2100,98.3,0,0,0,0,0,0
520112103201G175538080600,高炉,11,1988,600,万千瓦时,375,E,2001,97.4,0,0,0,0,0,0
520112104002G121447917600,高炉,11,1997,600,万千瓦时,100,E,2001,97.4,0,0,0,0,0,0
520112104202G174570681700,砖瓦窑,86,2003,101,吨,200,E,2001,97.4,0,0,0,0,0,0
520112104202G1L1286347100,砖瓦窑,86,2004,101,吨,350,E,2001,97.4,0,0,0,0,0,0
520112104202G1L1286949400,砖瓦窑,86,2005,101,吨,30,E,2001,97.4,0,0,0,0,0,0
520112104202G1L1287193000,砖瓦窑,86,2006,101,吨,300,E,2001,97.4,0,0,0,0,0,0
520112104204G1L0328178700,砖瓦窑,86,2005,101,吨,100,E,2001,97.4,0,0,0,0,0,0
520112104210G172211974000,耐火材料用炉,83,2002,101,吨,10,E,2001,97.4,0,0,0,0,0,0
520112104211G176135525200,其他加热、保温炉,39,2004,101,吨,80,E,2001,97.4,0,0,0,0,0,0
520112104211G177056259500,耐火材料用炉,83,2006,105,吨,50,E,2001,97.4,0,0,0,0,0,0
520112104211G178019656800,其他工业炉窑,190,2006,101,吨,50,E,2001,97.4,0,0,0,0,0,0
520112104211G191446515400,水泥窑,81,1994,600,万千瓦时,914.87,D,2001,99,0,0,0,0,0,0
520112204205G178019393000,其他加热、保温炉,39,2006,101,吨,100,D,2001,99,0,0,0,0,0,0
520113000000G121441312x00,水泥窑,81,1998,101,吨,32383,j9,2001,99.7,0,0,0,0,0,0
520113000000G121441312x00,水泥窑,81,2001,101,吨,28843,j9,2001,99.7,0,0,0,0,0,0
520113000000G162243544700,其他干燥炉（窑）,99,2008,101,吨,200,j9,2001,99.7,0,0,0,0,0,0
520113000000G166299493X00,耐火材料用炉,83,1996,101,吨,4244,E,2001,99,0,0,0,0,0,0
520113000000G166299493X00,耐火材料用炉,83,1996,101,吨,4098,E,2001,99,0,0,0,0,0,0
520113000000G170951000800,钢铁热处理炉,51,2002,600,万千瓦时,380.16,E,2001,99,0,0,0,0,0,0
520113000000G170951000800,钢铁热处理炉,51,1998,600,万千瓦时,8.64,E,2001,99,0,0,0,0,0,0
520113000000G170951000800,钢铁热处理炉,51,1998,600,万千瓦时,0,E,2001,99,0,0,0,0,0,0
520113000000G170951000800,钢铁热处理炉,51,1998,600,万千瓦时,0,E,2001,99,0,0,0,0,0,0
520113000000G170951000800,钢铁热处理炉,51,1998,600,万千瓦时,0,E,2001,99,0,0,0,0,0,0
520113000000G170951000800,钢铁热处理炉,51,1998,600,万千瓦时,0,E,2001,99,0,0,0,0,0,0
520113000000G170951000800,钢铁热处理炉,51,1998,600,万千瓦时,0,E,2001,99,0,0,0,0,0,0
520113000000G170951000800,钢铁热处理炉,51,1998,600,万千瓦时,0,E,2001,99,0,0,0,0,0,0
520113000000G170951000800,钢铁热处理炉,51,1998,600,万千瓦时,0,E,2001,99,0,0,0,0,0,0
520113000000G170951000800,钢铁热处理炉,51,1998,600,万千瓦时,0,E,2001,99,0,0,0,0,0,0
520113000000G170951000800,钢铁热处理炉,51,1998,600,万千瓦时,0,E,2001,99,0,0,0,0,0,0
520113000000G170951000800,钢铁热处理炉,51,1998,600,万千瓦时,21.6,E,2001,99,0,0,0,0,0,0
520113000000G170951000800,钢铁热处理炉,51,1998,600,万千瓦时,0,E,2001,99,0,0,0,0,0,0
520113000000G170951000800,钢铁热处理炉,51,1998,600,万千瓦时,0,E,2001,99,0,0,0,0,0,0
520113000000G170951000800,钢铁热处理炉,51,1998,600,万千瓦时,6.9,E,2001,99,0,0,0,0,0,0
520113000000G170951000800,钢铁热处理炉,51,1998,600,万千瓦时,0,E,2001,99,0,0,0,0,0,0
520113000000G170951000800,钢铁热处理炉,51,1998,600,万千瓦时,0,E,2001,99,0,0,0,0,0,0
520113000000G170951000800,钢铁热处理炉,51,1998,600,万千瓦时,0,E,2001,99,0,0,0,0,0,0
520113000000G170951000800,钢铁热处理炉,51,1998,600,万千瓦时,0,E,2001,99,0,0,0,0,0,0
520113000000G170951000800,钢铁热处理炉,51,1998,600,万千瓦时,0,E,2001,99,0,0,0,0,0,0
520113000000G170951000800,钢铁热处理炉,51,1998,600,万千瓦时,0,E,2001,99,0,0,0,0,0,0
520113000000G170951000800,钢铁热处理炉,51,1998,600,万千瓦时,0,E,2001,99,0,0,0,0,0,0
520113000000G170951000800,钢铁热处理炉,51,1998,600,万千瓦时,0,E,2001,99,0,0,0,0,0,0
520113000000G170951000800,钢铁热处理炉,51,1998,600,万千瓦时,0,E,2001,99,0,0,0,0,0,0
520113000000G170951000800,钢铁热处理炉,51,1998,600,万千瓦时,0,E,2001,99,0,0,0,0,0,0
520113000000G170967273600,电弧炉,110,1989,600,万千瓦时,687.4,e,2100,95.4,0,0,0,0,0,0
520113000000G170967273600,电弧炉,110,1992,600,万千瓦时,202.3,e,2100,95.4,0,0,0,0,0,0
520113000000G170967273600,钢铁熔化炉,21,2000,600,万千瓦时,121.5,e,2100,95.4,0,0,0,0,0,0
520113000000G173661516300,其他烧成窑,88,1987,102,吨,1292.04,w,2100,0,0,0,0,0,0,0
520113000000G173661516300,其他烧成窑,88,1987,102,吨,1319.79,w,2100,0,0,0,0,0,0,0
520113000000G173661516300,其他烧成窑,88,1987,102,吨,1270.4,w,2100,0,0,0,0,0,0,0
520113000000G173661516300,其他工业炉窑,190,1997,305,吨,10612.12,w,2100,0,0,0,0,0,0,0
520113000000G173661516300,其他工业炉窑,190,2005,305,吨,17393.86,w,2100,0,0,0,0,0,0,0
520113000000G173661516300,其他工业炉窑,190,2002,305,吨,4689.57,w,2100,0,0,0,0,0,0,0
520113000000G173661516300,其他工业炉窑,190,2003,305,吨,4689.571,w,2100,0,0,0,0,0,0,0
520113000000G173661516300,其他工业炉窑,190,1981,305,吨,1212.9,w,2100,0,0,0,0,0,0,0
520113000000G173661516300,其他工业炉窑,190,1981,305,吨,1212.9,w,2100,0,0,0,0,0,0,0
520113000000G173661516300,其他工业炉窑,190,2003,305,吨,1212.9,w,2100,0,0,0,0,0,0,0
520113000000G173661516300,其他工业炉窑,190,1998,305,吨,4291.212,w,2100,0,0,0,0,0,0,0
520113000000G173661516300,其他工业炉窑,190,1996,600,万千瓦时,99.7,w,2100,0,0,0,0,0,0,0
520113000000G173661516300,其他工业炉窑,190,1981,600,万千瓦时,99.7,w,2100,0,0,0,0,0,0,0
520113000000G173661516300,其他工业炉窑,190,1993,600,万千瓦时,99.7,w,2100,0,0,0,0,0,0,0
520113000000G173661516300,其他工业炉窑,190,2004,600,万千瓦时,99.7,w,2100,0,0,0,0,0,0,0
520113000000G173661516300,其他工业炉窑,190,2004,600,万千瓦时,99.7,w,2100,0,0,0,0,0,0,0
520113000000G175015469000,钢铁连续加热炉,31,2003,100,吨,2678,w,2100,0,0,0,0,0,0,0
520113000000G176135752200,有色金属熔化炉,22,2007,101,吨,899,w,2100,0,0,0,0,0,0,0
520113000000G176135752200,有色金属熔化炉,22,2007,101,吨,739.35,w,2100,0,0,0,0,0,0,0
520113000000G176135752200,有色金属熔化炉,22,2007,101,吨,1638,w,2100,0,0,0,0,0,0,0
520113000000G176135752200,有色金属熔化炉,22,2007,101,吨,0,w,2100,0,0,0,0,0,0,0
520113000000G179884790400,高炉,11,2008,105,吨,13443.1,w,2100,0,0,0,0,0,0,0
520113000000G179884790400,高炉,11,2008,105,吨,0,w,2100,0,0,0,0,0,0,0
520113001001G162243503300,非金属熔化炉、冶炼炉,23,1993,105,吨,220,w,2100,0,0,0,0,0,0,0
520113001001G170960325500,感应炉（高温冶炼）,120,2006,600,万千瓦时,200,w,2100,0,0,0,0,0,0,0
520113001001G170968322400,其他干燥炉（窑）,99,2007,100,吨,50,w,2100,0,0,0,0,0,0,0
520113002004G173661516300,其他烧成窑,88,1987,102,吨,61069.41,W,2100,0,0,0,0,0,0,0
520113002004G173661516300,其他烧成窑,88,1987,102,吨,95930.58,W,2100,0,0,0,0,0,0,0
520113002004G173661516300,其他烧成窑,88,1987,102,吨,64951.93,W,2100,0,0,0,0,0,0,0
520113002004G173661516300,其他工业炉窑,190,1997,305,吨,36459.49,W,2100,0,0,0,0,0,0,0
520113002004G173661516300,其他工业炉窑,190,2005,305,吨,46212.34,W,2100,0,0,0,0,0,0,0
520113002004G173661516300,其他工业炉窑,190,2002,305,吨,6757.92,W,2100,0,0,0,0,0,0,0
520113002004G173661516300,其他工业炉窑,190,2003,305,吨,6757.92,W,2100,0,0,0,0,0,0,0
520113002004G173661516300,其他工业炉窑,190,1981,305,吨,1514.67,W,2100,0,0,0,0,0,0,0
520113002004G173661516300,其他工业炉窑,190,1981,305,吨,1514.67,W,2100,0,0,0,0,0,0,0
520113002004G173661516300,其他工业炉窑,190,2003,305,吨,1514.67,W,2100,0,0,0,0,0,0,0
520113002004G173661516300,其他工业炉窑,190,1998,305,吨,4208.295,W,2100,0,0,0,0,0,0,0
520113002004G173661516300,其他工业炉窑,190,1996,600,万千瓦时,1609.79,W,2100,0,0,0,0,0,0,0
520113002004G173661516300,其他工业炉窑,190,1981,600,万千瓦时,1609.79,W,2100,0,0,0,0,0,0,0
520113002004G173661516300,其他工业炉窑,190,1993,600,万千瓦时,1609.79,W,2100,0,0,0,0,0,0,0
520113002004G173661516300,其他工业炉窑,190,2004,600,万千瓦时,1609.79,W,2100,0,0,0,0,0,0,0
520113002004G173661516300,其他工业炉窑,190,2004,600,万千瓦时,1609.79,W,2100,0,0,0,0,0,0,0
520113004000G178016061000,有色金属熔化炉,22,2005,600,万千瓦时,140,F,2100,92.95,E,0,0,0,0,0
520113004001G170967273600,电弧炉,110,1989,600,万千瓦时,948.5,e,2100,95,0,0,0,0,0,0
520113004001G170967273600,电弧炉,110,1992,600,万千瓦时,948.5,e,2100,95,0,0,0,0,0,0
520113004001G170967273600,钢铁熔化炉,21,2000,600,万千瓦时,39.4,e,2100,95,0,0,0,0,0,0
520113100000G121462188100,其他干燥炉（窑）,99,1993,101,吨,50,e,2100,95,0,0,0,0,0,0
520113100000G166298567000,其他加热、保温炉,39,2007,101,吨,10,e,2100,95,0,0,0,0,0,0
520113100000G176135752200,有色金属熔化炉,22,2007,101,吨,1638,e,2100,95,0,0,0,0,0,0
520113100000G176135752200,有色金属熔化炉,22,2007,101,吨,0,e,2100,95,0,0,0,0,0,0
520113100000G176135752200,有色金属熔化炉,22,2007,101,吨,1820,e,2100,95,0,0,0,0,0,0
520113100000G176135752200,有色金属熔化炉,22,2007,101,吨,0,e,2100,95,0,0,0,0,0,0
520113100202G179529022300,其他干燥炉（窑）,99,2007,101,吨,40,e,2100,95,0,0,0,0,0,0
520113100203G170963942600,砖瓦窑,86,2007,101,吨,100,e,2100,95,0,0,0,0,0,0
520113100204G121440124800,有色金属熔化炉,22,1996,304,吨,40.32,e,2100,95,0,0,0,0,0,0
520113100204G121441166503,有色金属熔炼炉,14,2003,101,吨,348,e,2100,95,0,0,0,0,0,0
520113100204G121441166503,有色金属熔炼炉,14,2003,101,吨,1390,e,2100,95,0,0,0,0,0,0
520113100204G170951000800,钢铁热处理炉,51,2002,600,万千瓦时,380.16,e,2100,95,0,0,0,0,0,0
520113100204G170951000800,钢铁热处理炉,51,1998,600,万千瓦时,8.64,e,2100,95,0,0,0,0,0,0
520113100204G170951000800,钢铁热处理炉,51,1998,600,万千瓦时,0,e,2100,95,0,0,0,0,0,0
520113100204G170951000800,钢铁热处理炉,51,1998,600,万千瓦时,0,e,2100,95,0,0,0,0,0,0
520113100204G170951000800,钢铁热处理炉,51,1998,600,万千瓦时,0,e,2100,95,0,0,0,0,0,0
520113100204G170951000800,钢铁热处理炉,51,1998,600,万千瓦时,0,e,2100,95,0,0,0,0,0,0
520113100204G170951000800,钢铁热处理炉,51,1998,600,万千瓦时,0,e,2100,95,0,0,0,0,0,0
520113100204G170951000800,钢铁热处理炉,51,1998,600,万千瓦时,0,e,2100,95,0,0,0,0,0,0
520113100204G170951000800,钢铁热处理炉,51,1998,600,万千瓦时,0,e,2100,95,0,0,0,0,0,0
520113100204G170951000800,钢铁热处理炉,51,1998,600,万千瓦时,0,e,2100,95,0,0,0,0,0,0
520113100204G170951000800,钢铁热处理炉,51,1998,600,万千瓦时,0,e,2100,95,0,0,0,0,0,0
520113100204G170951000800,钢铁热处理炉,51,1998,600,万千瓦时,21.6,e,2100,95,0,0,0,0,0,0
520113100204G170951000800,钢铁热处理炉,51,1998,600,万千瓦时,0,e,2100,95,0,0,0,0,0,0
520113100204G170951000800,钢铁热处理炉,51,1998,600,万千瓦时,0,e,2100,95,0,0,0,0,0,0
520113100204G170951000800,钢铁热处理炉,51,1998,600,万千瓦时,6.9,e,2100,95,0,0,0,0,0,0
520113100204G170951000800,钢铁热处理炉,51,1998,600,万千瓦时,0,e,2100,95,0,0,0,0,0,0
520113100204G170951000800,钢铁热处理炉,51,1998,600,万千瓦时,0,e,2100,95,0,0,0,0,0,0
520113100204G170951000800,钢铁热处理炉,51,1998,600,万千瓦时,0,e,2100,95,0,0,0,0,0,0
520113100204G170951000800,钢铁热处理炉,51,1998,600,万千瓦时,0,e,2100,95,0,0,0,0,0,0
520113100204G170951000800,钢铁热处理炉,51,1998,600,万千瓦时,0,e,2100,95,0,0,0,0,0,0
520113100204G170951000800,钢铁热处理炉,51,1998,600,万千瓦时,0,e,2100,95,0,0,0,0,0,0
520113100204G170951000800,钢铁热处理炉,51,1998,600,万千瓦时,0,e,2100,95,0,0,0,0,0,0
520113100204G170951000800,钢铁热处理炉,51,1998,600,万千瓦时,0,e,2100,95,0,0,0,0,0,0
520113100204G170951000800,钢铁热处理炉,51,1998,600,万千瓦时,0,e,2100,95,0,0,0,0,0,0
520113100204G170951000800,钢铁热处理炉,51,1998,600,万千瓦时,0,e,2100,95,0,0,0,0,0,0
520113100204G175017466700,其他工业炉窑,190,2003,305,吨,639.6,D,2001,89.7,c,2001,70,y9,2003,20
520113100206G121449312X00,水泥窑,81,1998,101,吨,29300,D,2001,90.6,0,0,0,0,0,0
520113100206G121449312X00,水泥窑,81,2001,101,吨,33766,D,2001,90.6,0,0,0,0,0,0
520113100206G121462532100,砖瓦窑,86,1972,101,吨,65,D,2001,90.6,0,0,0,0,0,0
520113100207G174570399000,砖瓦窑,86,2001,304,吨,1.89,D,2001,90.6,0,0,0,0,0,0
520113100211G1520113G0132,砖瓦窑,86,2006,101,吨,1235,D,2001,90.6,0,0,0,0,0,0
520113101000G170968467300,其他干燥炉（窑）,99,2007,101,吨,140,D,2001,90.6,0,0,0,0,0,0
520113101000G171436799800,加热炉,30,2005,101,吨,250,D,2001,90.6,0,0,0,0,0,0
520113101000G176138907300,石灰窑,82,2004,101,吨,750,E,2001,95,0,0,0,0,0,0
520113101201G170963955700,其他干燥炉（窑）,99,2001,101,吨,835,E,2001,95,0,0,0,0,0,0
520113101201G170963955700,其他干燥炉（窑）,99,2005,101,吨,835,E,2001,95,0,0,0,0,0,0
520113101201G175536649X00,有色金属熔化炉,22,2004,600,万千瓦时,73.82,E,2001,95,0,0,0,0,0,0
520113101201G178545685900,电弧炉,110,2007,600,万千瓦时,890,E,2001,96.2,0,0,0,0,0,0
520113101201G178545685900,电弧炉,110,2007,600,万千瓦时,890,E,2001,96.2,0,0,0,0,0,0
520113101205G121462134700,钢铁连续加热炉,31,2001,101,吨,3490,E,2001,96.2,0,0,0,0,0,0
520113101205G172216443700,非金属熔化炉、冶炼炉,23,2000,101,吨,4320,E,2001,96.2,0,0,0,0,0,0
520113101207G166295451600,日用陶瓷窑,84,2007,102,吨,30,E,2001,96.2,0,0,0,0,0,0
520113101207G172217696400,砖瓦窑,86,2006,304,吨,8.5,E,2001,96.2,0,0,0,0,0,0
520113101207G176135375900,砖瓦窑,86,2006,101,吨,65,E,2001,96.2,0,0,0,0,0,0
520113101208G121443597400,其他干燥炉（窑）,99,2005,101,吨,177.4,A,2100,60,C,2100,87,0,0,0
520113101208G121443597400,其他干燥炉（窑）,99,2005,101,吨,437.4,A,2100,60,C,2100,87,0,0,0
520113102000G162225400500,电弧炉,110,1995,600,万千瓦时,1405.7,E,2100,81.4,0,0,0,0,0,0
520113102000G170963911900,非金属加热炉,35,1993,101,吨,24,E,2100,81.4,0,0,0,0,0,0
520113102201G121447329200,耐火材料用炉,83,1979,101,吨,520,E,2100,81.4,0,0,0,0,0,0
520113102201G121462233100,其他干燥炉（窑）,99,1992,101,吨,105,E,2100,81.4,0,0,0,0,0,0
520113102206G166299493X00,水泥窑,81,1996,101,吨,3073,E,2001,99.7,0,0,0,0,0,0
520113102206G166299493X00,耐火材料用炉,83,1996,101,吨,10331.41,E,2001,99.7,0,0,0,0,0,0
520113102206G170951086800,水泥窑,81,1993,101,吨,9075,E,2001,79.3,0,0,0,0,0,0
520113102206G173663350500,其他工业炉窑,190,2006,101,吨,24,E,2001,79.3,0,0,0,0,0,0
520113102208G121462430200,耐火材料用炉,83,1994,101,吨,200,A,2001,76.1,0,0,0,0,0,0
520113102208G176139099800,其他烧成窑,88,2007,101,吨,530.73,E,2001,96.2,0,0,0,0,0,0
520113102208G176139099800,电弧炉,110,2007,600,万千瓦时,600,E,2001,96.2,0,0,0,0,0,0
520113102209G1520113G0129,石灰窑,82,2005,100,吨,240,E,2001,96.2,0,0,0,0,0,0
520113102210G175016276200,有色金属熔炼炉,14,2003,600,万千瓦时,320,c,2001,76.1,0,0,0,0,0,0
520113102210G175016276200,有色金属熔炼炉,14,2007,600,万千瓦时,400,c,2001,76.1,0,0,0,0,0,0
520113102210G175016276200,有色金属熔炼炉,14,2007,600,万千瓦时,0,c,2001,76.1,0,0,0,0,0,0
520113102210G175016276200,有色金属熔炼炉,14,2007,600,万千瓦时,0,c,2001,76.1,0,0,0,0,0,0
520113102210G175016276200,有色金属熔炼炉,14,2007,101,吨,360,c,2001,76.1,0,0,0,0,0,0
520113102210G177058672200,其他加热、保温炉,39,2003,101,吨,20,c,2001,76.1,0,0,0,0,0,0
520113102211G121446226X00,其他熔化炉,25,2003,102,吨,19900,c,2001,76.1,y9,2002,70,0,0,0
520113102211G121462536400,钢铁间隙加热炉,33,1998,600,万千瓦时,193.73,c,2001,76.1,y9,2002,70,0,0,0
520113102211G175015469000,钢铁连续加热炉,31,2003,101,吨,2678,c,2001,76.1,y9,2002,70,0,0,0
520113102212G121462545200,其他加热、保温炉,39,1995,101,吨,35,c,2001,76.1,y9,2002,70,0,0,0
520113102212G171438933700,均热炉,34,2001,101,吨,20,c,2001,76.1,y9,2002,70,0,0,0
520113102212G178017042100,其他加热、保温炉,39,2005,101,吨,160,c,2001,76.1,y9,2002,70,0,0,0
520113102214G170968308000,砖瓦窑,86,2007,101,吨,100,c,2001,76.1,y9,2002,70,0,0,0
520113102214G177056568100,耐火材料用炉,83,2,101,吨,30,c,2001,76.1,y9,2002,70,0,0,0
520113102215G121462037900,耐火材料用炉,83,2003,100,吨,400,c,2001,76.1,y9,2002,70,0,0,0
520113200201G121462113600,水泥干燥炉（窑）,92,2006,101,吨,380,E,2001,96.2,0,0,0,0,0,0
520113200201G167071255X00,水泥窑,81,1994,101,吨,8505.55,C,2001,98.9,0,0,0,0,0,0
520113200201G174113674900,其他熔化炉,25,2002,101,吨,157,c,2001,76.1,y0,2002,70,0,0,0
520113200204G121462510200,砖瓦窑,86,1995,101,吨,150,c,2001,76.1,y0,2002,70,0,0,0
520113200206G170968499900,砖瓦窑,86,2000,101,吨,200,c,2001,76.1,y0,2002,70,0,0,0
520113200207G170968335500,砖瓦窑,86,2000,101,吨,400,c,2001,76.1,y0,2002,70,0,0,0
520114000000G121440131x00,感应炉（高温冶炼）,120,1999,600,万千瓦时,20,c,2001,76.1,y0,2002,70,0,0,0
520114000000G121440131x00,感应炉（高温冶炼）,120,2007,600,万千瓦时,10,c,2001,76.1,y0,2002,70,0,0,0
520114000000G121440502x00,钢铁连续加热炉,31,2002,304,吨,17.92,c,2001,76.1,y0,2002,70,0,0,0
520114000000G121456365000,其他工业炉窑,190,2005,101,吨,90,c,2001,76.1,y0,2002,70,0,0,0
520114000000G174571518--2,冲天炉,24,6,203,万立方米,480,c,2001,76.1,y0,2002,70,0,0,0
520114000000G174571518--2,其他工业炉窑,190,6,101,吨,420.428,c,2001,76.1,y0,2002,70,0,0,0
520114000000G178017835100,有色金属熔化炉,22,2007,600,万千瓦时,100,c,2001,76.1,y0,2002,70,0,0,0
520114000000G178978617--7,钢铁间隙加热炉,33,1,204,万立方米,13.05,c,2001,76.1,y0,2002,70,0,0,0
520114000000G178978617--7,钢铁间隙加热炉,33,1,204,万立方米,13.05,c,2001,76.1,y0,2002,70,0,0,0
520114000000G178978617--7,钢铁间隙加热炉,33,1,204,万立方米,13.05,c,2001,76.1,y0,2002,70,0,0,0
520114000000G178978617--7,钢铁热处理炉,51,1,204,万立方米,8.7,c,2001,76.1,y0,2002,70,0,0,0
520114000000G178978617--7,钢铁热处理炉,51,1,204,万立方米,8.7,c,2001,76.1,y0,2002,70,0,0,0
520114000000G178978617--7,钢铁热处理炉,51,1,600,万千瓦时,14.322,c,2001,76.1,y0,2002,70,0,0,0
520114000000G178978617--7,钢铁热处理炉,51,1,600,万千瓦时,14.322,c,2001,76.1,y0,2002,70,0,0,0
520114000000G178978617--7,钢铁热处理炉,51,1,600,万千瓦时,17.4,c,2001,76.1,y0,2002,70,0,0,0
520114000000G178978617--7,钢铁热处理炉,51,1,600,万千瓦时,17.4,c,2001,76.1,y0,2002,70,0,0,0
520114000000G178978617--7,钢铁热处理炉,51,1,600,万千瓦时,43.5,c,2001,76.1,y0,2002,70,0,0,0
520114550001G172216793700,有色金属熔化炉,22,2001,105,吨,135,c,2001,76.1,y0,2002,70,0,0,0
520114550001G172216793700,有色金属熔化炉,22,2001,105,吨,128,c,2001,76.1,y0,2002,70,0,0,0
520114550004G121445581X00,其他热处理炉,54,2003,304,吨,172.9,c,2001,76.1,y0,2002,70,0,0,0
520114551003G121440131X00,感应炉（高温冶炼）,120,1999,208,千瓦/小时,300000,c,2001,76.1,y0,2002,70,0,0,0
520114551003G121440131X00,感应炉（高温冶炼）,120,2007,208,千瓦/小时,10000,c,2001,76.1,y0,2002,70,0,0,0
520114551003G176609197000,其他加热、保温炉,39,2004,101,吨,25,E,2001,0,0,0,0,0,0,0
520114551008G121440502X00,钢铁连续加热炉,31,2002,304,吨,15.95,E,2001,0,0,0,0,0,0,0
520114551015G162224098100,铸造干燥炉（窑）,91,1975,101,吨,84.4,E,2001,0,0,0,0,0,0,0
520114551015G162224098100,铸造干燥炉（窑）,91,1973,101,吨,237.5,E,2001,0,0,0,0,0,0,0
520114551015G162224098100,钢铁熔化炉,21,1982,106,千瓦,1078560,E,2001,0,0,0,0,0,0,0
520114551015G162224098100,钢铁热处理炉,51,1987,106,千瓦,544320,E,2001,0,0,0,0,0,0,0
520114551015G162224098100,钢铁热处理炉,51,1987,106,千瓦,544320,E,2001,0,0,0,0,0,0,0
520114551015G162224098100,铸造干燥炉（窑）,91,1978,106,千瓦,145152,E,2001,0,0,0,0,0,0,0
520114551015G162224098100,铸造干燥炉（窑）,91,1978,106,千瓦,145152,E,2001,0,0,0,0,0,0,0
520114551015G162224098100,钢铁间隙加热炉,33,1966,101,吨,17.64,E,2001,0,0,0,0,0,0,0
520114551015G162224098100,钢铁间隙加热炉,33,1984,101,吨,70.56,E,2001,0,0,0,0,0,0,0
520114551015G162224098100,钢铁间隙加热炉,33,1994,101,吨,35.28,E,2001,0,0,0,0,0,0,0
520114551015G162224098100,钢铁间隙加热炉,33,1995,101,吨,70.56,E,2001,0,0,0,0,0,0,0
520114551015G162224098100,钢铁间隙加热炉,33,1969,101,吨,141.12,E,2001,0,0,0,0,0,0,0
520114551015G162224098100,钢铁热处理炉,51,1990,106,千瓦,562500,E,2001,0,0,0,0,0,0,0
520114551015G162224098100,钢铁热处理炉,51,1961,106,千瓦,375000,E,2001,0,0,0,0,0,0,0
520114551015G162224098100,钢铁热处理炉,51,1967,106,千瓦,375000,E,2001,0,0,0,0,0,0,0
520114551015G162224098100,钢铁热处理炉,51,1969,106,千瓦,281250,E,2001,0,0,0,0,0,0,0
520114551015G162224098100,钢铁热处理炉,51,1970,106,千瓦,225000,E,2001,0,0,0,0,0,0,0
520114551015G162224098100,钢铁热处理炉,51,1972,106,千瓦,225000,E,2001,0,0,0,0,0,0,0
520114551015G162224098100,钢铁热处理炉,51,1972,106,千瓦,375000,E,2001,0,0,0,0,0,0,0
520114551015G162224098100,钢铁热处理炉,51,1974,106,千瓦,468750,E,2001,0,0,0,0,0,0,0
520114551015G162224098100,钢铁热处理炉,51,1984,106,千瓦,375000,E,2001,0,0,0,0,0,0,0
520114551015G162224098100,钢铁热处理炉,51,1987,106,千瓦,225000,E,2001,0,0,0,0,0,0,0
520114551015G162224098100,钢铁热处理炉,51,1987,106,千瓦,468750,E,2001,0,0,0,0,0,0,0
520114551015G162224098100,钢铁热处理炉,51,1993,106,千瓦,562500,E,2001,0,0,0,0,0,0,0
520114551015G162224098100,钢铁热处理炉,51,1966,106,千瓦,1575000,E,2001,0,0,0,0,0,0,0
520114551015G162224098100,钢铁热处理炉,51,1966,106,千瓦,1575000,E,2001,0,0,0,0,0,0,0
520114551015G162224098100,钢铁热处理炉,51,1985,106,千瓦,562500,E,2001,0,0,0,0,0,0,0
520114551015G162224098100,钢铁热处理炉,51,1987,106,千瓦,468750,E,2001,0,0,0,0,0,0,0
520114551015G162224098100,钢铁热处理炉,51,2000,106,千瓦,656250,E,2001,0,0,0,0,0,0,0
520114551015G162224098100,钢铁热处理炉,51,2000,106,千瓦,656250,E,2001,0,0,0,0,0,0,0
520114551015G162224098100,钢铁热处理炉,51,2000,106,千瓦,656250,E,2001,0,0,0,0,0,0,0
520114551015G162224098100,钢铁热处理炉,51,2000,106,千瓦,656250,E,2001,0,0,0,0,0,0,0
520114551015G162224098100,钢铁热处理炉,51,2000,106,千瓦,656250,E,2001,0,0,0,0,0,0,0
520114551201G1520114G0311,钢铁熔化炉,21,2004,105,吨,6,E,2001,0,0,0,0,0,0,0
520114551209G121456610600,冲天炉,24,2004,105,吨,12,E,2001,0,0,0,0,0,0,0
520114551209G121456610600,感应炉（高温冶炼）,120,2004,208,万千瓦时,9,E,2001,0,0,0,0,0,0,0
520114551210G170962802200,有色金属加热炉,32,2006,208,千瓦/小时.年,43200,E,2001,0,0,0,0,0,0,0
520114552006G174571518200,冲天炉,24,2003,201,万立方米,905,E,2001,0,0,0,0,0,0,0
520114552006G174571518200,其他工业炉窑,190,2003,101,吨,1000,E,2001,0,0,0,0,0,0,0
520114552213G121456365000,其他工业炉窑,190,2002,101,吨,180,E,2001,0,0,0,0,0,0,0
520121000000G121443020900,其他干燥炉（窑）,99,1995,101,吨,513,C,2001,87.2,Y9,2002,15,0,0,0
520121000000G121443020900,其他干燥炉（窑）,99,1996,101,吨,291,C,2001,87.2,Y9,2002,15,0,0,0
520121000000G121443020900,其他干燥炉（窑）,99,1999,101,吨,370,C,2001,87.2,Y9,2002,15,0,0,0
520121000000G121443020900,其他干燥炉（窑）,99,2004,101,吨,160,C,2001,87.2,Y9,2002,15,0,0,0
520121000000G121443020900,其他干燥炉（窑）,99,2008,101,吨,320,C,2001,87.2,Y9,2002,15,0,0,0
520121000000G121572006400,水泥窑,81,1986,101,吨,4590,D,2100,98.99,0,0,0,0,0,0
520121000000G121572037100,沸腾炉,73,1997,600,万千瓦时,17.5,D,2100,98.99,0,0,0,0,0,0
520121000000G121572260900,电弧炉,110,2005,600,万千瓦时,7860,D,2100,98.99,0,0,0,0,0,0
520121000000G121572260900,电弧炉,110,2005,600,万千瓦时,3760,D,2100,98.99,0,0,0,0,0,0
520121000000G123572310X00,电弧炉,110,2003,600,万千瓦时,625.1924,D,2100,98.99,0,0,0,0,0,0
520121000000G123572310X00,电弧炉,110,2005,600,万千瓦时,705.908,D,2100,98.99,0,0,0,0,0,0
520121000000G166295556X00,其他工业炉窑,190,1991,305,吨,1628.55,D,2100,98.99,0,0,0,0,0,0
520121000000G168399788100,其他加热、保温炉,39,2009,101,吨,20,J2,2001,87.2,J2,2002,15,J2,2003,0
520121000000G172210202500,电弧炉,110,1995,600,万千瓦时,6916.1391,J2,2001,87.2,J2,2002,15,J2,2003,0
520121000000G172210202500,电弧炉,110,1995,600,万千瓦时,7638.1708,J2,2001,87.2,J2,2002,15,J2,2003,0
520121000000G172210202500,电弧炉,110,1997,600,万千瓦时,3324.2639,J2,2001,87.2,J2,2002,15,J2,2003,0
520121000000G172210202500,电弧炉,110,1997,600,万千瓦时,4222.1283,J2,2001,87.2,J2,2002,15,J2,2003,0
520121000000G172210202500,电弧炉,110,1997,600,.万千瓦时,5834.9335,J2,2001,87.2,J2,2002,15,J2,2003,0
520121000000G172210202500,电弧炉,110,1997,600,万千瓦时,5027.2413,J2,2001,87.2,J2,2002,15,J2,2003,0
520121000000G172219415000,耐火材料用炉,83,2005,101,吨,209,J2,2001,87.2,J2,2002,15,J2,2003,0
520121000000G174574313200,水泥窑,81,2000,101,吨,5504,A,2100,90,0,0,0,0,0,0
520121000000G174574313200,水泥窑,81,2004,101,吨,6000,A,2100,90,0,0,0,0,0,0
520121000000G175019486000,电弧炉,110,2005,600,万千瓦时,4254,A,2100,90,0,0,0,0,0,0
520121000000G175019486000,电弧炉,110,1990,600,万千瓦时,130.5,A,2100,90,0,0,0,0,0,0
520121000000G175019486000,电弧炉,110,1997,600,万千瓦时,1597.5,A,2100,90,0,0,0,0,0,0
520121000000G175019486000,电弧炉,110,1997,600,万千瓦时,505.5,A,2100,90,0,0,0,0,0,0
520121000000G176609872600,电弧炉,110,2005,600,万千瓦时,5256.858,A,2100,90,0,0,0,0,0,0
520121000000G176609872600,电弧炉,110,2006,600,万千瓦时,5113.353,A,2100,90,0,0,0,0,0,0
520121000000G177059997X00,电弧炉,110,2005,600,万千瓦时,6932.9,A,2100,90,0,0,0,0,0,0
520121000000G177059997X00,电弧炉,110,2005,600,万千瓦时,6932.9,A,2100,90,0,0,0,0,0,0
520121000000G191572101700,电弧炉,110,1997,600,万千瓦时,5420.96,A,2100,90,0,0,0,0,0,0
520121000000G191572101700,电弧炉,110,2003,600,万千瓦时,5864.69,A,2100,90,0,0,0,0,0,0
520121000000G1L1288604000,砖瓦窑,86,2005,101,吨,150,A,2100,90,0,0,0,0,0,0
520121100201G121572310x00,电弧炉,110,1996,600,万千瓦时,232.14,j4,2099,0,0,0,0,0,0,0
520121100201G121572310x00,电弧炉,110,1997,600,万千瓦时,215.67,j4,2099,0,0,0,0,0,0,0
520121100201G121572310x00,电弧炉,110,2000,600,万千瓦时,5594.99,j4,2099,0,0,0,0,0,0,0
520121100201G121572310x00,电弧炉,110,2004,600,万千瓦时,8022.9,j4,2099,0,0,0,0,0,0,0
520121100202G121572006400,水泥窑,81,1986,101,吨,5565,d,2100,0,0,0,0,0,0,0
520121100204G1520121G3042,砖瓦窑,86,2004,101,吨,525,d,2100,0,0,0,0,0,0,0
520121100207G1l1288604000,砖瓦窑,86,2005,101,吨,330,d,2100,0,0,0,0,0,0,0
520121100210G174574313200,水泥窑,81,2000,101,吨,8388.8,a,2100,90,0,0,0,0,0,0
520121100210G174574313200,水泥窑,81,2004,101,吨,8450,a,2100,90,0,0,0,0,0,0
520121100210G174574313200,水泥窑,81,2000,101,吨,4750.2,a,2100,90,0,0,0,0,0,0
520121101200G172210202500,电弧炉,110,1995,600,万千瓦时,6484.85,j4,2099,0,0,0,0,0,0,0
520121101200G172210202500,电弧炉,110,1995,600,万千瓦时,3986.69,j4,2099,0,0,0,0,0,0,0
520121101200G172210202500,电弧炉,110,1997,600,万千瓦时,7171.68,j4,2099,0,0,0,0,0,0,0
520121101200G172210202500,电弧炉,110,1997,600,万千瓦时,0,j4,2099,0,0,0,0,0,0,0
520121101200G172210202500,电弧炉,110,1997,600,万千瓦时,9741.35,j4,2099,0,0,0,0,0,0,0
520121101200G172210202500,电弧炉,110,1997,600,万千瓦时,3989.88,j4,2099,0,0,0,0,0,0,0
520121101200G175536068800,电弧炉,110,2004,600,万千瓦时,5130,j4,2099,0,0,0,0,0,0,0
520121101200G175536068800,电弧炉,110,2005,600,万千瓦时,4710,j4,2099,0,0,0,0,0,0,0
520121101200G191572101700,电弧炉,110,1997,600,万千瓦时,0,j4,2099,0,0,0,0,0,0,0
520121101200G191572101700,电弧炉,110,1997,600,万千瓦时,0,j4,2099,0,0,0,0,0,0,0
520121101200G191572101700,电弧炉,110,2003,600,万千瓦时,1275.87,j4,2099,0,0,0,0,0,0,0
520121101200G191572101700,电弧炉,110,2004,600,万千瓦时,0,j4,2099,0,0,0,0,0,0,0
520121101202G174573881900,其他干燥炉（窑）,99,2003,101,吨,25,c,2001,70,0,2002,70,0,0,0
520121101204G121572037100,沸腾炉,73,1997,600,万千瓦时,2.6,c,2001,70,0,2002,70,0,0,0
520121101204G175019486000,电弧炉,110,2005,600,万千瓦时,1125,j4,2099,0,0,0,0,0,0,0
520121101204G175019486000,电弧炉,110,1997,600,万千瓦时,557,j4,2099,0,0,0,0,0,0,0
520121101204G175019486000,电弧炉,110,1997,600,万千瓦时,304,j4,2099,0,0,0,0,0,0,0
520121101204G175019486000,电弧炉,110,1997,600,万千瓦时,0,j4,2099,0,0,0,0,0,0,0
520121101205G172219415000,电弧炉,110,2005,101,吨,422,j4,2099,0,0,0,0,0,0,0
520121101205G176609872600,电弧炉,110,2005,600,万千瓦时,10217.91,j4,2099,0,0,0,0,0,0,0
520121101205G176609872600,电弧炉,110,2006,600,万千瓦时,8468.86,j4,2099,0,0,0,0,0,0,0
520121101205G177059997x00,电弧炉,110,2005,600,万千瓦时,6067.6,j4,2099,0,0,0,0,0,0,0
520121101205G177059997x00,电弧炉,110,2005,600,万千瓦时,6067.6,j4,2099,0,0,0,0,0,0,0
520121102200G121443020900,其他干燥炉（窑）,99,2004,101,吨,544,c,2001,0,y9,2002,0,0,0,0
520121102200G121443020900,其他干燥炉（窑）,99,1995,101,吨,1306,c,2001,0,y9,2002,0,0,0,0
520121102200G121443020900,其他干燥炉（窑）,99,1999,101,吨,1320,c,2001,0,y9,2002,0,0,0,0
520121102200G121443020900,其他干燥炉（窑）,99,1996,101,吨,1310,c,2001,0,y9,2002,0,0,0,0
520121102200G121572132300,其他干燥炉（窑）,99,1996,101,吨,100,c,2001,0,y9,2002,0,0,0,0
520121102201G1520121g0002,其他干燥炉（窑）,99,1998,101,吨,40,c,2001,0,y9,2002,0,0,0,0
520121102201G172212580900,其他干燥炉（窑）,99,2004,101,吨,75,c,2001,0,y9,2002,0,0,0,0
520121102204G175537535300,其他干燥炉（窑）,99,2004,101,吨,30,c,2001,0,y9,2002,0,0,0,0
520121104207G1520121g6020,砖瓦窑,86,2001,100,吨,50,c,2001,0,y9,2002,0,0,0,0
520121104207G1520121g6021,砖瓦窑,86,1988,100,吨,20,c,2001,0,y9,2002,0,0,0,0
520122000000G121574251100,非金属熔化炉、冶炼炉,23,1989,600,万千瓦时,3269.23,C,2100,90,C,2002,90,0,0,0
520122000000G121574251100,非金属熔化炉、冶炼炉,23,1990,600,万千瓦时,2786.41,C,2100,90,C,2002,90,0,0,0
520122000000G121574251100,非金属熔化炉、冶炼炉,23,2004,600,万千瓦时,2607.46,C,2100,90,C,2002,90,0,0,0
520122000000G121574251100,非金属熔化炉、冶炼炉,23,2004,600,万千瓦时,2929.94,C,2100,90,C,2002,90,0,0,0
520122000000G168016474500,其他工业炉窑,190,2008,700,吨,180,J9,2001,82,0,0,0,0,0,0
520122000000G171437603400,其他干燥炉（窑）,99,2001,101,吨,3237.32,C,2002,0,F,2100,0,0,0,0
520122000000G171437603400,其他干燥炉（窑）,99,2001,101,吨,3237.32,C,2002,0,F,2100,0,0,0,0
520122000000G171437603400,其他干燥炉（窑）,99,2001,101,吨,3237.32,C,2002,0,F,2100,0,0,0,0
520122000000G171437603400,其他干燥炉（窑）,99,2001,101,吨,3237.32,C,2002,0,F,2100,0,0,0,0
520122000000G171437603400,其他干燥炉（窑）,99,2005,101,吨,867.34,C,2002,0,F,2100,0,0,0,0
520122000000G171437603400,其他干燥炉（窑）,99,2009,101,吨,1765.4,C,2002,0,F,2100,0,0,0,0
520122000000G171437603400,其他干燥炉（窑）,99,2009,101,吨,1765.4,C,2002,0,F,2100,0,0,0,0
520122000000G173098970300,其他干燥炉（窑）,99,2006,101,吨,2152.9,G,2100,92,B,2002,0,Y9,2003,15
520122000000G173098970300,其他干燥炉（窑）,99,2006,101,吨,2152.9,G,2100,92,B,2002,0,Y9,2003,15
520122000000G173098970300,其他干燥炉（窑）,99,2006,101,吨,676.6,G,2100,92,B,2002,0,Y9,2003,15
520122000000G173098970300,其他干燥炉（窑）,99,2006,101,吨,676.6,G,2100,92,B,2002,0,Y9,2003,15
520122000000G174570614700,煅烧炉,72,2005,101,吨,733.08,A,2100,75.8,C,2002,51.3,0,0,0
520122000000G174570614700,煅烧炉,72,2005,,,,A,2100,75.8,C,2002,51.3,0,0,0
520122000000G175017634700,水泥窑,81,1996,101,吨,13560,E,2001,99,0,0,0,0,0,0
520122000000G175019374500,其他干燥炉（窑）,99,2007,101,吨,1968.68,G,2100,92,B,2002,15,Y9,2003,0
520122000000G175019374500,其他干燥炉（窑）,99,2007,101,吨,9707.4,G,2100,92,B,2002,15,Y9,2003,0
520122000000G175019374500,其他干燥炉（窑）,99,2007,101,吨,3957.4,G,2100,92,B,2002,15,Y9,2003,0
520122000000G175019374500,其他干燥炉（窑）,99,1995,101,吨,5040.44,G,2100,92,B,2002,15,Y9,2003,0
520122000000G176138885500,非金属熔化炉、冶炼炉,23,2000,600,万千瓦时,980,J8,2002,0,0,0,0,0,0,0
520122000000G176138885500,非金属熔化炉、冶炼炉,23,2004,600,万千瓦时,1531.2,J8,2002,0,0,0,0,0,0,0
520122000000G176138885500,,,2004,600,万千瓦时,720.3,J8,2002,0,0,0,0,0,0,0
520122000000G177055793x00,水泥窑,81,1989,101,吨,3349.5,E,2001,99.7,0,0,0,0,0,0
520122000000G1L2826054400,砖瓦窑,86,2002,101,吨,1600,E,2001,99.7,0,0,0,0,0,0
520122100219G175017634700,水泥窑,81,1996,101,吨,1767,E,2001,99,0,0,0,0,0,0
520122100224G175015078800,砖瓦窑,86,2002,101,吨,50,E,2001,99,0,0,0,0,0,0
520122100224G177055293x00,水泥窑,81,1989,101,吨,9565,E,2001,99.9,0,0,0,0,0,0
520122101002G176138885500,非金属熔化炉、冶炼炉,23,2004,101,吨,1260,C,2002,0,0,2100,0,0,2006,0
520122101002G176138885500,非金属熔化炉、冶炼炉,23,2004,101,吨,1260,C,2002,0,0,2100,0,0,2006,0
520122101211G171437603400,其他干燥炉（窑）,99,2001,101,吨,4611.86,C,2002,89.1,F,2100,63.5,0,0,0
520122101211G171437603400,其他干燥炉（窑）,99,2001,101,吨,4611.86,C,2002,89.1,F,2100,63.5,0,0,0
520122101211G171437603400,其他干燥炉（窑）,99,2001,101,吨,4611.86,C,2002,89.1,F,2100,63.5,0,0,0
520122101211G171437603400,其他干燥炉（窑）,99,2001,101,吨,4611.86,C,2002,89.1,F,2100,63.5,0,0,0
520122101211G171437603400,其他干燥炉（窑）,99,2005,101,吨,869.95,C,2002,89.1,F,2100,63.5,0,0,0
520122101211G171437603400,其他干燥炉（窑）,99,2005,101,吨,869.95,C,2002,89.1,F,2100,63.5,0,0,0
520122101211G174570614700,煅烧炉,72,2005,101,吨,1380,A,2100,95.8,C,2002,51.3,0,0,0
520122101211G174570614700,煅烧炉,72,,,,,A,2100,95.8,C,2002,51.3,0,0,0
520122103201G121574251100,非金属熔化炉、冶炼炉,23,1989,600,万千瓦时,1614.32,C,2100,90,C,2002,90,0,0,0
520122103201G121574251100,非金属熔化炉、冶炼炉,23,1990,600,万千瓦时,1674.27,C,2100,90,C,2002,90,0,0,0
520122103201G121574251100,非金属熔化炉、冶炼炉,23,2004,600,万千瓦时,1698.02,C,2100,90,C,2002,90,0,0,0
520122103201G121574251100,非金属熔化炉、冶炼炉,23,2004,600,万千瓦时,1710.2,C,2100,90,C,2002,90,0,0,0
520122103201G173098970300,其他干燥炉（窑）,99,2006,100,吨,2546.45,B,2002,15,G,2001,92,0,2003,0
520122103201G173098970300,其他干燥炉（窑）,99,2006,100,吨,1399.8,B,2002,15,G,2001,92,0,2003,0
520122103201G173098970300,其他干燥炉（窑）,99,2006,100,吨,554.17,B,2002,15,G,2001,92,0,2003,0
520122103201G173098970300,其他干燥炉（窑）,99,2006,100,吨,554.17,B,2002,15,G,2001,92,0,2003,0
520122103201G175019374500,其他干燥炉（窑）,99,2007,101,吨,2737.47,Y9,2002,15,G,2001,70,0,2003,0
520122103201G175019374500,其他干燥炉（窑）,99,2007,101,吨,3972.75,Y9,2002,15,G,2001,70,0,2003,0
520122103201G175019374500,其他干燥炉（窑）,99,2007,101,吨,3712.68,Y9,2002,15,G,2001,70,0,2003,0
520122103201G175019374500,其他干燥炉（窑）,99,1995,101,吨,3917.5,Y9,2002,15,G,2001,70,0,2003,0
520122201202G174111424000,砖瓦窑,86,2000,101,吨,200,Y9,2002,15,G,2001,70,0,2003,0
520123000000G121462355300,耐火材料用炉,83,2007,101,吨,480,Y9,2002,15,G,2001,70,0,2003,0
520123000000G121576008200,水泥窑,81,1988,101,吨,4367,j2,2001,99.67,0,2002,0,0,0,0
520123000000G121576035700,水泥窑,81,1998,101,吨,3200,J2,2001,99,0,0,0,0,0,0
520123000000G121576108500,水泥窑,81,1986,101,吨,4822,j2,2001,99.7,0,0,0,0,0,0
520123000000G121576108500,水泥窑,81,2000,600,万千瓦时,413.38,j2,2001,99.7,0,0,0,0,0,0
520123000000G121576130900,其他工业炉窑,190,2009,101,吨,24,j2,2001,99.7,0,0,0,0,0,0
520123000000G121576134100,烧成窑,80,1978,101,吨,1762,J2,2001,99.5,J2,2001,0,0,0,0
520123000000G121576199000,砖瓦窑,86,1988,101,吨,300,J3,2001,85,0,2001,60,0,2003,0
520123000000G122100779x00,耐火材料用炉,83,2008,101,吨,400,J3,2001,85,0,2001,60,0,2003,0
520123000000G142924505100,其他工业炉窑,190,2009,101,吨,1200,G,2001,98.7,0,2002,98.7,0,0,0
520123000000G162220117300,耐火材料用炉,83,1992,101,吨,537.5,y0,2002,70,0,2001,98,0,0,0
520123000000G162220117300,耐火材料用炉,83,1994,101,吨,537.5,y0,2002,70,0,2001,98,0,0,0
520123000000G166299789000,耐火材料用炉,83,2008,101,吨,3233,C,2003,100,0,0,0,0,0,0
520123000000G167540579400,耐火材料用炉,83,2000,101,吨,900,C,2001,95,Y0,2002,60,0,0,0
520123000000G168015874000,高炉,11,2008,600,万千瓦时,14,G,2001,95.4,0,0,0,0,0,0
520123000000G168015874000,烧结机,61,2008,105,吨,15600,G,2001,95.4,0,0,0,0,0,0
520123000000G168018829600,,,2009,101,吨,1800,F,2001,0,0,0,0,0,0,0
520123000000G169754925400,耐火材料用炉,83,2008,101,吨,200,C,2001,0,0,2002,0,0,0,0
520123000000G170960104900,水泥窑,81,1998,101,吨,2785,j2,2001,99.67,0,2002,0,0,0,0
520123000000G170960121700,耐火材料用炉,83,1994,100,吨,60,j2,2001,99.67,0,2002,0,0,0,0
520123000000G170960143600,水泥窑,81,1998,101,吨,2520,J2,2001,99.8,0,2002,0,0,0,0
520123000000G172216771800,热处理炉（<1000℃）,50,2004,101,吨,666,c,2001,87.2,y0,2002,70,0,0,0
520123000000G172216833100,水泥窑,81,1996,101,吨,5749,j2,2001,99.9,0,2002,0,0,0,0
520123000000G173095810600,耐火材料用炉,83,2004,101,吨,650,j2,2001,99.9,0,2002,0,0,0,0
520123000000G174112502x00,水泥窑,81,1996,101,吨,2750,j2,2001,99.7,0,2002,0,0,0,0
520123000000G174112502x00,水泥窑,81,2000,101,吨,2750,j2,2001,99.7,0,2002,0,0,0,0
520123000000G174113645800,砖瓦窑,86,2002,101,吨,105,J3,2001,0,0,0,0,0,0,0
520123000000G174570585700,水泥窑,81,1972,101,吨,7142,j2,2001,0,0,2002,99,0,0,0
520123000000G174572361700,其他烧成窑,88,2008,101,吨,360,C,2001,85,0,2002,60,0,0,0
520123000000G175016022200,高炉,11,2004,105,吨,2676,g,2001,0,0,0,0,0,0,0
520123000000G175016022200,烧结机,61,2004,105,吨,3000,g,2001,0,0,0,0,0,0,0
520123000000G175016073200,耐火材料用炉,83,2004,101,吨,110,g,2001,0,0,0,0,0,0,0
520123000000G175536212200,耐火材料用炉,83,2005,101,吨,200,g,2001,0,0,0,0,0,0,0
520123000000G175538009900,煅烧炉,72,2005,105,吨,6600,j2,2001,95,j2,2002,0,0,0,0
520123000000G175538056600,水泥窑,81,1996,101,吨,1750,J2,2001,99.67,0,2002,99.67,0,0,0
520123000000G175538313400,熔炼炉,10,2004,105,吨,1225,E,2100,96,0,0,0,0,0,0
520123000000G176136029700,高炉,11,2004,600,万千瓦时,40,G,2001,95.4,0,0,0,0,0,0
520123000000G176136029700,烧结机,61,2004,100,吨,5000,G,2001,95.4,0,0,0,0,0,0
520123000000G176138413300,烧结机,61,2004,105,吨,3750,G,2001,95.4,0,0,0,0,0,0
520123000000G176138413300,高炉,11,2004,105,吨,3750,G,2001,95.4,0,0,0,0,0,0
520123000000G176606943100,其他熔炼炉,15,2005,600,万千瓦时,144,G,2001,95.4,0,0,0,0,0,0
520123000000G177056631500,水泥窑,81,2004,101,吨,4000,J2,2001,99.67,0,2002,99.67,0,0,0
520123000000G177057756x00,水泥窑,81,2006,101,吨,1626,j2,2001,0,0,2002,0,0,0,0
520123000000G177530231100,耐火材料用炉,83,2007,101,吨,586,e,2001,95,y0,2002,60,0,0,0
520123000000G177530664600,耐火材料用炉,83,2005,600,万千瓦时,1,e,2001,95,y0,2002,60,0,0,0
520123000000G177534196x00,其他熔炼炉,15,2007,600,万千瓦时,390,e,2100,99,0,0,0,0,0,0
520123000000G177534196x00,其他熔炼炉,15,2008,600,万千瓦时,410,e,2100,99,0,0,0,0,0,0
520123000000G178546243100,,,1993,101,吨,600,C,2001,70,Y0,2002,60,0,0,0
520123000000G178546243100,,,2007,,,,C,2001,70,Y0,2002,60,0,0,0
520123000000G179525340600,熔炼炉,10,2004,105,吨,3300,e,2100,98,0,0,0,0,0,0
520123000000G1L1286523100,耐火材料用炉,83,2008,101,吨,480,e,2100,98,0,0,0,0,0,0
520123000000G1L2100809800,耐火材料用炉,83,2006,101,吨,400,e,2100,98,0,0,0,0,0,0
520123000000G1L2104810200,耐火材料用炉,83,2008,101,吨,100,e,2100,98,0,0,0,0,0,0
520123000000G1L2104813700,耐火材料用炉,83,2005,101,吨,400,e,2100,98,0,0,0,0,0,0
520123000000G1L2104826800,耐火材料用炉,83,2007,101,吨,350,e,2100,98,0,0,0,0,0,0
520123000000G1L2104851600,耐火材料用炉,83,2006,101,吨,300,e,2100,98,0,0,0,0,0,0
520123000000G1x2236803300,砖瓦窑,86,1984,600,万千瓦时,44.8,e,2100,98,0,0,0,0,0,0
520123000000G1X2236809200,耐火材料用炉,83,2004,101,吨,480,e,2100,98,0,0,0,0,0,0
520123000000G1X2236813X00,砖瓦窑,86,1985,101,吨,550,J3,2001,85,0,2002,60,0,2003,0
520123000000G1X2236862300,耐火材料用炉,83,1989,101,吨,200,J3,2001,85,0,2002,60,0,2003,0
520123000000G1x2236891400,水泥窑,81,2002,101,吨,4620,j2,2001,99.3,0,2002,0,0,0,0
520123100203G175538313400,熔炼炉,10,2004,105,吨,5843,E,2100,96,0,0,0,0,0,0
520123100204G162220117300,耐火材料用炉,83,1992,101,吨,1874,0,0,0,0,0,0,0,0,0
520123100204G162220117300,耐火材料用炉,83,1992,101,吨,1874,0,0,0,0,0,0,0,0,0
520123100204G162220117300,耐火材料用炉,83,1992,,,,0,0,0,0,0,0,0,0,0
520123100204G162220117300,耐火材料用炉,83,1993,,,,0,0,0,0,0,0,0,0,0
520123100204G162220117300,耐火材料用炉,83,1992,,,,0,0,0,0,0,0,0,0,0
520123100204G162220117300,耐火材料用炉,83,1992,,,,0,0,0,0,0,0,0,0,0
520123100204G162220117300,耐火材料用炉,83,1992,,,,0,0,0,0,0,0,0,0,0
520123100204G162220117300,耐火材料用炉,83,1992,,,,0,0,0,0,0,0,0,0,0
520123100204G162220117300,耐火材料用炉,83,1992,,,,0,0,0,0,0,0,0,0,0
520123100204G162220117300,耐火材料用炉,83,1992,,,,0,0,0,0,0,0,0,0,0
520123100206G174570585700,水泥窑,81,1989,101,吨,2910,A,2001,98.3,0,0,0,0,0,0
520123100207G175016022200,高炉,11,2004,105,吨,24795,G,2001,95.4,0,0,0,0,0,0
520123100207G175016022200,烧结机,61,2004,105,吨,24794,G,2001,95.4,0,0,0,0,0,0
520123100207G1X2236891400,水泥窑,81,1996,101,吨,4000,A,2001,98.97,0,0,0,0,0,0
520123100213G121576108500,水泥窑,81,1986,101,吨,9604,A,2001,98,0,0,0,0,0,0
520123100213G1520123G0008,其他烧成窑,88,2005,101,吨,150,A,2001,98,0,0,0,0,0,0
520123100214G178546808300,高炉,11,2006,105,吨,18000,A,2001,96.8,E,0,0,0,0,0
520123100215G121462355300,其他烧成窑,88,1999,101,吨,1000,A,2001,96.8,E,0,0,0,0,0
520123100215G1520123G0007,其他烧成窑,88,2004,101,吨,400,A,2001,96.8,E,0,0,0,0,0
520123100215G1520123G0009,其他烧成窑,88,2006,101,吨,200,A,2001,96.8,E,0,0,0,0,0
520123100215G1520123G0014,其他烧成窑,88,2004,101,吨,200,A,2001,96.8,E,0,0,0,0,0
520123100215G1520123G0015,其他烧成窑,88,1998,101,吨,170,A,2001,96.8,E,0,0,0,0,0
520123100215G174570093300,高炉,11,2002,105,吨,3900,G,2001,95.1,0,0,0,0,0,0
520123100215G174570093300,烧结机,61,2002,105,吨,3900,G,2001,95.1,0,0,0,0,0,0
520123100215G176137605300,其他烧成窑,88,1984,101,吨,200,G,2001,95.1,0,0,0,0,0,0
520123100215G176138413300,高炉,11,2004,105,吨,9600,A,2001,96.5,0,0,0,0,0,0
520123100217G1520123G0011,其他烧成窑,88,2005,101,吨,100,A,2001,96.5,0,0,0,0,0,0
520123100217G1520123G0013,其他烧成窑,88,2005,101,吨,220,A,2001,96.5,0,0,0,0,0,0
520123100218G1520123G0011,其他烧成窑,88,2005,101,吨,100,A,2001,96.5,0,0,0,0,0,0
520123100225G175536212200,耐火材料用炉,83,2004,101,吨,600,C,2001,95,Y0,2002,60,0,0,0
520123100225G176606943100,其他熔炼炉,15,2005,101,吨,40,C,2001,95,Y0,2002,60,0,0,0
520123100226G121576069900,其他烧成窑,88,2007,101,吨,670,C,2001,95,Y0,2002,60,0,0,0
520123100226G1520123G0010,其他烧成窑,88,2001,101,吨,330,C,2001,95,Y0,2002,60,0,0,0
520123100226G177056531500,水泥窑,81,1999,101,吨,6400,C,2001,98.3,0,0,0,0,0,0
520123100227G177531173600,耐火材料用炉,83,2005,101,吨,208,C,2001,98.3,0,0,0,0,0,0
520123100227G1L1286523100,其他烧成窑,88,2006,101,吨,250,C,2001,98.3,0,0,0,0,0,0
520123100227G1L1287878800,其他烧成窑,88,1998,101,吨,340,C,2001,98.3,0,0,0,0,0,0
520123100228G121576029300,其他烧成窑,88,1984,101,吨,200,C,2001,98.3,0,0,0,0,0,0
520123100228G1520123G0005,其他烧成窑,88,1996,101,吨,480,C,2001,98.3,0,0,0,0,0,0
520123100228G1520123G0006,其他烧成窑,88,1988,101,吨,800,C,2001,98.3,0,0,0,0,0,0
520123100228G1520123G0012,其他烧成窑,88,1987,101,吨,375,C,2001,98.3,0,0,0,0,0,0
520123100228G1520123G0107,耐火材料用炉,83,1986,101,吨,120,C,2001,98.3,0,0,0,0,0,0
520123100228G173095383100,其他烧成窑,88,1988,101,吨,800,C,2001,98.3,0,0,0,0,0,0
520123100228G173663378300,其他烧成窑,88,1986,101,吨,560,C,2001,98.3,0,0,0,0,0,0
520123100228G174572605X00,其他烧成窑,88,2003,101,吨,390,C,2001,98.3,0,0,0,0,0,0
520123100228G177056480600,其他烧成窑,88,2006,101,吨,1560,C,2001,98.3,0,0,0,0,0,0
520123100228G1L1286864300,其他烧成窑,88,2004,101,吨,506,C,2001,98.3,0,0,0,0,0,0
520123100228G1X2236801700,其他烧成窑,88,1988,101,吨,525,C,2001,98.3,0,0,0,0,0,0
520123100228G1X2236809200,其他烧成窑,88,2004,101,吨,390,C,2001,98.3,0,0,0,0,0,0
520123100228G1X2236819900,其他烧成窑,88,2001,101,吨,56,C,2001,98.3,0,0,0,0,0,0
520123100229G179525340600,熔炼炉,10,2004,105,吨,7700,e,2100,92.3,0,0,0,0,0,0
520123100230G121576120200,砖瓦窑,86,1983,101,吨,300,e,2100,92.3,0,0,0,0,0,0
520123100230G170960157500,砖瓦窑,86,1983,101,吨,300,e,2100,92.3,0,0,0,0,0,0
520123100230G176605606700,耐火材料用炉,83,2005,101,吨,260,e,2100,92.3,0,0,0,0,0,0
520123100231G121576002300,高炉,11,1995,105,吨,2600,A,2001,96.8,0,0,0,0,0,0
520123100231G121576008200,水泥窑,81,1996,101,吨,6000,A,2001,98,0,0,0,0,0,0
520123100231G121576125300,高炉,11,2005,105,吨,9500,A,2001,96.8,0,0,0,0,0,0
520123100231G121576134100,水泥窑,81,2001,101,吨,1135,A,2001,98,0,0,0,0,0,0
520123100231G121576199000,砖瓦窑,86,1983,101,吨,500,A,2001,98,0,0,0,0,0,0
520123100231G162220302100,熔炼炉,10,1991,105,吨,86,A,2001,98,0,0,0,0,0,0
520123100231G170960164700,砖瓦窑,86,2007,101,吨,43,A,2001,98,0,0,0,0,0,0
520123100231G1L1286432700,砖瓦窑,86,2005,101,吨,55,A,2001,98,0,0,0,0,0,0
520123100231G1X2236824400,砖瓦窑,86,1985,101,吨,900,A,2001,98,0,0,0,0,0,0
520123100231G1X2236828700,砖瓦窑,86,1985,101,吨,55,A,2001,98,0,0,0,0,0,0
520123100233G174113645800,砖瓦窑,86,1986,101,吨,34,A,2001,98,0,0,0,0,0,0
520123100233G176136029700,高炉,11,2005,105,吨,10400,G,2001,95.4,0,0,0,0,0,0
520123100233G176136029700,烧结机,61,2005,105,吨,5200,G,2001,95.4,0,0,0,0,0,0
520123100234G170960101400,砖瓦窑,86,2001,101,吨,190,G,2001,95.4,0,0,0,0,0,0
520123100235G121576046100,高炉,11,2007,105,吨,23400,A,2001,96.8,0,0,0,0,0,0
520123100235G175017947600,砖瓦窑,86,1997,101,吨,150,A,2001,96.8,0,0,0,0,0,0
520123100236G170960104900,水泥窑,81,1997,101,吨,6000,A,2001,98.33,0,0,0,0,0,0
520123100236G170960143600,水泥窑,81,1998,101,吨,1738,a,2001,98.3,0,0,0,0,0,0
520123100236G1X2236813x00,砖瓦窑,86,1985,101,吨,750,a,2001,98.3,0,0,0,0,0,0
520123101202G121576139200,耐火材料用炉,83,2005,101,吨,800,c,2001,95,y0,2002,60,0,0,0
520123101202G174572121600,水泥窑,81,2002,101,吨,6000,A,2001,98,0,0,0,0,0,0
520123101202G175016073200,耐火材料用炉,83,2003,101,吨,800,C,2001,93.8,0,2002,87.9,0,0,0
520123101218G166299789000,耐火材料用炉,83,2001,101,吨,1440,c,2001,0,y0,2002,0,0,0,0
520123101218G177534196X00,其他熔炼炉,15,2007,600,万千瓦时,484,E,2100,93.3,0,0,0,0,0,0
520123101219G177057756x00,水泥窑,81,2004,101,吨,2000,c,2001,99.91,0,0,0,0,0,0
520123101219G177530231100,耐火材料用炉,83,2006,101,吨,376,A,2001,95,0,2002,60,0,0,0
520123102202G121576058400,砖瓦窑,86,1990,101,吨,215,A,2001,95,0,2002,60,0,0,0
520123102202G172216833100,水泥窑,81,2004,101,吨,5460,D,2001,99.9,0,0,0,0,0,0
520123102203G170960121700,耐火材料用炉,83,1994,101,吨,130,D,2001,99.9,0,0,0,0,0,0
520123102203G175538009900,电石炉,71,2004,105,吨,12000,E,2001,97.7,0,0,0,0,0,0
520123102213G174112502X00,水泥窑,81,1993,,,,A,2001,98.3,0,0,0,0,0,0
520123102213G174112502X00,水泥窑,81,1996,101,吨,4000,A,2001,98.3,0,0,0,0,0,0
520123103215G175538056600,水泥窑,81,1996,101,吨,4600,A,2001,98.33,0,0,0,0,0,0
520123200201G1X2236862300,其他烧成窑,88,1985,101,吨,200,A,2001,98.33,0,0,0,0,0,0
520123200204G173095810600,其他烧成窑,88,1998,101,吨,200,A,2001,98.33,0,0,0,0,0,0
520123200213G177530154600,其他烧成窑,88,2003,101,吨,100,A,2001,98.33,0,0,0,0,0,0
520123200215G167073750300,其他烧成窑,88,2005,101,吨,100,A,2001,98.33,0,0,0,0,0,0
520123202212G1L1286150500,砖瓦窑,86,2006,101,吨,80,A,2001,98.33,0,0,0,0,0,0
520123202213G178018349200,其他烧结炉,63,2005,101,吨,260,F,2001,94,0,0,0,0,0,0
520123202213G1L1286149200,砖瓦窑,86,2006,101,吨,80,F,2001,94,0,0,0,0,0,0
520181000000G121440038400,石灰窑,82,1970,105,吨,1130.84,F,2100,0,0,0,0,0,0,0
520181000000G121440038400,石灰窑,82,1970,105,吨,1074.27,F,2100,0,0,0,0,0,0,0
520181000000G121440038400,电石炉,71,1970,105,吨,31098.49,F,2100,0,0,0,0,0,0,0
520181000000G121440038400,电石炉,71,2006,105,吨,0,F,2100,0,0,0,0,0,0,0
520181000000G121440038400,其他化工炉,79,2006,101,吨,5135.21,F,2100,0,0,0,0,0,0,0
520181000000G121440038400,其他化工炉,79,2006,101,吨,4067.28,F,2100,0,0,0,0,0,0,0
520181000000G121440038400,其他化工炉,79,2006,101,吨,3497,F,2100,0,0,0,0,0,0,0
520181000000G121440038400,其他化工炉,79,2006,101,吨,1390.73,F,2100,0,0,0,0,0,0,0
520181000000G121440038400,其他化工炉,79,2006,,吨,2306.73,F,2100,0,0,0,0,0,0,0
520181000000G121442712200,铁合金熔炼炉,13,1989,600,万千瓦时,1082,E,2001,0,0,0,0,0,0,0
520181000000G121442712200,铁合金熔炼炉,13,1989,600,万千瓦时,0,E,2001,0,0,0,0,0,0,0
520181000000G121442712200,铁合金熔炼炉,13,1989,600,万千瓦时,0,E,2001,0,0,0,0,0,0,0
520181000000G121578128900,其他焚烧炉,149,2009,304,吨,4,E,2001,0,0,0,0,0,0,0
520181000000G121578250500,非金属熔化炉、冶炼炉,23,1992,600,万千瓦时,330,C,2100,92,0,0,0,0,0,0
520181000000G121578250500,非金属熔化炉、冶炼炉,23,1992,600,万千瓦时,0,C,2100,92,0,0,0,0,0,0
520181000000G121578304900,其他烧成窑,88,2004,101,吨,200,C,2001,89,0,0,0,0,0,0
520181000000G1520181G0025,砖瓦窑,86,2007,101,吨,10,C,2001,89,0,0,0,0,0,0
520181000000G1520181G0027,其他烧成窑,88,2007,101,吨,75,C,2001,89,0,0,0,0,0,0
520181000000G1520181G0027,其他烧成窑,88,2007,101,吨,75,C,2001,89,0,0,0,0,0,0
520181000000G1520181G0380,砖瓦窑,86,2004,106,吨,400,C,2001,89,0,0,0,0,0,0
520181000000G1520181G0381,其他烧成窑,88,2009,600,万千瓦时,0.87,C,2001,89,0,0,0,0,0,0
520181000000G166695306X00,其他烧成窑,88,2009,101,吨,0,C,2100,58,0,2002,80,0,2003,70
520181000000G166695306X00,其他烧成窑,88,2009,600,万千瓦时,0.87,C,2100,58,0,2002,80,0,2003,70
520181000000G167542963D00,耐火材料用炉,83,2009,101,吨,2280,C,2100,58,0,2002,80,0,2003,70
520181000000G168015369100,高炉,11,2009,600,万千瓦时,160,C,2100,58,0,2002,80,0,2003,70
520181000000G170959821400,耐火材料用炉,83,2004,101,吨,335.29,C,2001,90,0,0,0,0,0,0
520181000000G170959821400,耐火材料用炉,83,1997,101,吨,0,C,2001,90,0,0,0,0,0,0
520181000000G170967924100,其他工业炉窑,190,2000,200,吨,880,C,2001,90,0,0,0,0,0,0
520181000000G170967924100,其他工业炉窑,190,2000,200,吨,949,C,2001,90,0,0,0,0,0,0
520181000000G170967924100,其他工业炉窑,190,2000,200,吨,909,C,2001,90,0,0,0,0,0,0
520181000000G170967924100,其他工业炉窑,190,2000,200,吨,1058,C,2001,90,0,0,0,0,0,0
520181000000G170967924100,其他工业炉窑,190,2000,200,吨,682,C,2001,90,0,0,0,0,0,0
520181000000G170967924100,其他工业炉窑,190,2001,200,吨,1266,C,2001,90,0,0,0,0,0,0
520181000000G170967924100,其他工业炉窑,190,2001,200,吨,939,C,2001,90,0,0,0,0,0,0
520181000000G170967924100,其他工业炉窑,190,2001,200,吨,1048,C,2001,90,0,0,0,0,0,0
520181000000G170967924100,其他工业炉窑,190,2001,200,吨,1038,C,2001,90,0,0,0,0,0,0
520181000000G170967924100,其他工业炉窑,190,2001,200,吨,1098,C,2001,90,0,0,0,0,0,0
520181000000G171431863500,砖瓦窑,86,2007,101,吨,10,C,2001,90,0,0,0,0,0,0
520181000000G172213823900,水泥窑,81,2000,101,吨,201,E,2100,99,0,2001,99.7,0,0,0
520181000000G172214670600,砖瓦窑,86,2007,101,吨,20,E,2100,99,0,2001,99.7,0,0,0
520181000000G173661213000,非金属熔化炉、冶炼炉,23,1970,600,万千瓦时,2246.4,J3,2099,92,0,0,0,0,0,0
520181000000G173661213000,非金属熔化炉、冶炼炉,23,1972,600,万千瓦时,1251,J3,2099,92,0,0,0,0,0,0
520181000000G173661213000,非金属熔化炉、冶炼炉,23,1972,600,万千瓦时,420.6,J3,2099,92,0,0,0,0,0,0
520181000000G173661213000,非金属熔化炉、冶炼炉,23,1972,600,万千瓦时,0,J3,2099,92,0,0,0,0,0,0
520181000000G173661213000,非金属熔化炉、冶炼炉,23,1982,600,万千瓦时,0,J3,2099,92,0,0,0,0,0,0
520181000000G173661213000,非金属熔化炉、冶炼炉,23,1992,600,万千瓦时,0,J3,2099,92,0,0,0,0,0,0
520181000000G173661213000,非金属熔化炉、冶炼炉,23,1992,600,万千瓦时,0,J3,2099,92,0,0,0,0,0,0
520181000000G173661213000,非金属熔化炉、冶炼炉,23,1992,600,万千瓦时,0,J3,2099,92,0,0,0,0,0,0
520181000000G174110938800,铁合金熔炼炉,13,2003,600,万千瓦时,1419.6,E,2001,0,0,0,0,0,0,0
520181000000G174110938800,铁合金熔炼炉,13,2003,600,万千瓦时,0,E,2001,0,0,0,0,0,0,0
520181000000G174110938800,铁合金熔炼炉,13,2003,600,万千瓦时,0,E,2001,0,0,0,0,0,0,0
520181000000G174110938800,铁合金熔炼炉,13,2003,600,万千瓦时,0,E,2001,0,0,0,0,0,0,0
520181000000G174110938800,铁合金熔炼炉,13,2003,600,万千瓦时,0,E,2001,0,0,0,0,0,0,0
520181000000G174110938800,铁合金熔炼炉,13,2003,600,万千瓦时,0,E,2001,0,0,0,0,0,0,0
520181000000G174110938800,铁合金熔炼炉,13,2003,600,万千瓦时,0,E,2001,0,0,0,0,0,0,0
520181000000G174572536400,水泥窑,81,2005,101,吨,13168.4,D,2100,99,0,0,0,0,0,0
520181000000G174572536400,水泥窑,81,2008,101,吨,13168.4,D,2100,99,0,0,0,0,0,0
520181000000G175016806400,电弧炉,110,1995,600,万千瓦时,1979.74,E,2100,99.5,0,0,0,0,0,0
520181000000G175016806400,电弧炉,110,1995,600,万千瓦时,3678.34,E,2100,99.5,0,0,0,0,0,0
520181000000G175016806400,电弧炉,110,1995,600,万千瓦时,2810.21,E,2100,99.5,0,0,0,0,0,0
520181000000G175016806402,电弧炉,110,2004,600,万千瓦时,0,E,2100,88.3,0,0,0,0,0,0
520181000000G175016806402,电弧炉,110,2004,600,万千瓦时,0,E,2100,88.3,0,0,0,0,0,0
520181000000G175016806402,电弧炉,110,2004,600,万千瓦时,7065.36,E,2100,88.3,0,0,0,0,0,0
520181000000G175016806402,电弧炉,110,2004,600,万千瓦时,6928.73,E,2100,88.3,0,0,0,0,0,0
520181000000G175016806402,电弧炉,110,2004,600,万千瓦时,8663.53,E,2100,88.3,0,0,0,0,0,0
520181000000G175536456600,煤炼焦炉,131,2003,201,万立方米,5174,E,2100,88.3,0,0,0,0,0,0
520181000000G175536456600,煤炼焦炉,131,1994,201,万立方米,3807,E,2100,88.3,0,0,0,0,0,0
520181000000G175536456600,煤炼焦炉,131,1995,201,万立方米,4204,E,2100,88.3,0,0,0,0,0,0
520181000000G177058414500,建筑卫生陶瓷窑,85,2006,600,万千瓦时,12,C,2001,91.6,0,2002,17.1,0,2003,2.5
520181000000G177530163400,非金属熔化炉、冶炼炉,23,2009,600,万千瓦时,790,E,2100,92,0,0,0,0,0,0
520181000000G177532595100,建筑卫生陶瓷窑,85,2006,600,万千瓦时,430,C,2002,17.1,0,2001,97.3,0,2003,2.5
520181000000G178015836900,非金属熔化炉、冶炼炉,23,2000,600,万千瓦时,4600,E,2100,92,0,0,0,0,0,0
520181000000G178018287900,建筑卫生陶瓷窑,85,2007,600,万千瓦时,7.69,C,2002,17.1,0,2003,2.5,0,2001,91.6
520181000000G178018287900,干燥炉（窑）,90,2007,600,万千瓦时,2.83,C,2002,17.1,0,2003,2.5,0,2001,91.6
520181000000G178547892700,铁合金熔炼炉,13,2004,600,万千瓦时,4086.75,E,2001,99,0,2100,97,0,0,0
520181000000G178547892700,铁合金熔炼炉,13,2004,600,万千瓦时,4086.75,E,2001,99,0,2100,97,0,0,0
520181000000G178547892700,铁合金熔炼炉,13,2004,600,万千瓦时,4086.75,E,2001,99,0,2100,97,0,0,0
520181000000G178547892700,铁合金熔炼炉,13,2004,600,万千瓦时,4086.75,E,2001,99,0,2100,97,0,0,0
520181000000G178547961200,水泥窑,81,2005,101,吨,13168.4,E,2100,99,0,2001,99.7,0,0,0
520181000000G179881038600,建筑卫生陶瓷窑,85,2008,600,万千瓦时,415,C,2001,91.6,0,2002,17.1,0,2003,2.5
520181000000G1L0327406900,砖瓦窑,86,2002,101,吨,3,C,2001,91.6,0,2002,17.1,0,2003,2.5
520181000000G1L0327429600,砖瓦窑,86,1997,304,吨,2,C,2001,91.6,0,2002,17.1,0,2003,2.5
520181000000G1L0329000X00,有色金属熔炼炉,14,2004,100,吨,61,C,2001,91.6,0,2002,17.1,0,2003,2.5
520181000000G1L1287469900,其他烧成窑,88,2009,101,吨,418.6,C,2001,91.6,0,2002,17.1,0,2003,2.5
520181000000G1X2236464900,水泥窑,81,1998,101,吨,3823,E,2100,0,0,0,0,0,0,0
520181000000G1X2236464900,水泥窑,81,1998,101,吨,3823,E,2100,0,0,0,0,0,0,0
520181001011G174110723500,煅烧炉,72,2006,101,吨,130,C,2001,0,0,0,0,0,0,0
520181001200G1520181G0027,其他烧成窑,88,2007,101,吨,75,C,2001,0,0,0,0,0,0,0
520181001200G1520181G0027,其他烧成窑,88,2007,101,吨,75,C,2001,0,0,0,0,0,0,0
520181001201G1520181G0025,砖瓦窑,86,2002,101,吨,30,C,2001,0,0,0,0,0,0,0
520181001201G173664493300,砖瓦窑,86,2000,101,吨,20,C,2001,0,0,0,0,0,0,0
520181001201G174110557100,砖瓦窑,86,2002,100,吨,100,C,2001,0,0,0,0,0,0,0
520181001201G176139091200,耐火材料用炉,83,2006,102,吨,3000,C,2001,18.6,0,0,0,0,0,0
520181001201G176139091200,耐火材料用炉,83,2005,,,,C,2001,18.6,0,0,0,0,0,0
520181001205G1520181G0020,砖瓦窑,86,2005,101,吨,60.25,C,2001,18.6,0,0,0,0,0,0
520181001206G1L0327429600,砖瓦窑,86,1997,101,吨,20,C,2001,18.6,0,0,0,0,0,0
520181001208G179529702X00,冲天炉,24,2006,105,吨,300,C,2001,18.6,0,0,0,0,0,0
520181001209G176138560300,水泥窑,81,1998,101,吨,8000,C,2100,60,0,0,0,0,0,0
520181001210G121440038400,石灰窑,82,1970,105,吨,3223.3,F,2099,95.9,0,0,0,0,0,0
520181001210G121440038400,石灰窑,82,1970,105,吨,3167.7,F,2099,95.9,0,0,0,0,0,0
520181001210G121440038400,电石炉,71,1970,105,吨,19833.36,F,2099,95.9,0,0,0,0,0,0
520181001210G121440038400,电石炉,71,2006,105,吨,21034.82,F,2099,95.9,0,0,0,0,0,0
520181001210G121440038400,其他化工炉,79,2006,101,吨,7575.75,F,2099,95.9,0,0,0,0,0,0
520181001210G121440038400,其他化工炉,79,2006,101,吨,7575.75,F,2099,95.9,0,0,0,0,0,0
520181001210G121440038400,其他化工炉,79,2006,101,吨,7575.75,F,2099,95.9,0,0,0,0,0,0
520181001210G121440038400,其他化工炉,79,2006,101,吨,7575.75,F,2099,95.9,0,0,0,0,0,0
520181001210G170967924100,其他工业炉窑,190,2000,208,吨,835,F,2099,95.9,0,0,0,0,0,0
520181001210G170967924100,其他工业炉窑,190,2000,208,吨,864,F,2099,95.9,0,0,0,0,0,0
520181001210G170967924100,其他工业炉窑,190,2000,208,吨,835,F,2099,95.9,0,0,0,0,0,0
520181001210G170967924100,其他工业炉窑,190,2000,208,吨,979,F,2099,95.9,0,0,0,0,0,0
520181001210G170967924100,其他工业炉窑,190,2000,208,吨,933,F,2099,95.9,0,0,0,0,0,0
520181001210G170967924100,其他工业炉窑,190,2001,208,吨,1008,F,2099,95.9,0,0,0,0,0,0
520181001210G170967924100,其他工业炉窑,190,2001,208,吨,979,F,2099,95.9,0,0,0,0,0,0
520181001210G170967924100,其他工业炉窑,190,2001,208,吨,950,F,2099,95.9,0,0,0,0,0,0
520181001210G170967924100,其他工业炉窑,190,2001,208,吨,968,F,2099,95.9,0,0,0,0,0,0
520181001210G170967924100,其他工业炉窑,190,2001,208,吨,979,F,2099,95.9,0,0,0,0,0,0
520181001210G171431815X00,水泥窑,81,1987,101,吨,19100,D,2001,99.71,0,0,0,0,0,0
520181001210G171431815X00,水泥窑,81,2002,101,吨,19100,D,2001,99.71,0,0,0,0,0,0
520181001210G175016806400,铁合金熔炼炉,13,2004,105,吨,9695,E,2100,98,0,0,0,0,0,0
520181001210G175016806400,铁合金熔炼炉,13,2004,105,吨,7419,E,2100,98,0,0,0,0,0,0
520181001210G175016806400,铁合金熔炼炉,13,2006,105,吨,4118,E,2100,98,0,0,0,0,0,0
520181001210G175016806400,铁合金熔炼炉,13,2007,105,吨,10996,E,2100,98,0,0,0,0,0,0
520181001210G175016806400,铁合金熔炼炉,13,2007,105,吨,833,E,2100,98,0,0,0,0,0,0
520181001210G175336558500,其他工业炉窑,190,2004,201,万立方米,0.0673,E,2100,98,0,0,0,0,0,0
520181001210G175336558500,其他干燥炉（窑）,99,2004,106,立方米,6000,E,2100,98,0,0,0,0,0,0
520181001210G175536456600,煤炼焦炉,131,2003,201,万立方米,5691,E,2100,98,0,0,0,0,0,0
520181001210G175536456600,煤炼焦炉,131,1994,201,万立方米,5203,E,2100,98,0,0,0,0,0,0
520181001210G175536456600,煤炼焦炉,131,1995,201,万立方米,1637,E,2100,98,0,0,0,0,0,0
520181001210G175539349802,其他石化炉,49,2005,105,吨,5800,E,2099,0,0,0,0,0,0,0
520181001211G1520181G0024,其他烧成窑,88,2006,101,吨,5,E,2099,0,0,0,0,0,0,0
520181001211G170959801100,其他烧成窑,88,2007,101,吨,100,E,2099,0,0,0,0,0,0,0
520181001211G170959821400,耐火材料用炉,83,2004,101,吨,600,C,2001,61.65,0,2002,67.33,0,0,0
520181001211G171431874200,其他烧成窑,88,2005,101,吨,30,C,2001,61.65,0,2002,67.33,0,0,0
520181001211G174114510000,砖瓦窑,86,1999,101,吨,10,C,2001,61.65,0,2002,67.33,0,0,0
520181001211G174114510000,砖瓦窑,86,2007,101,吨,5,C,2001,61.65,0,2002,67.33,0,0,0
520181001211G177056233300,其他烧成窑,88,2006,101,吨,120,C,2001,61.65,0,2002,67.33,0,0,0
520181001211G177056233300,其他烧成窑,88,2006,101,吨,120,C,2001,61.65,0,2002,67.33,0,0,0
520181001212G1520181G0026,砖瓦窑,86,2005,101,吨,20,C,2001,61.65,0,2002,67.33,0,0,0
520181001212G1520181G0028,其他烧成窑,88,1985,101,吨,250,C,2001,61.65,0,2002,67.33,0,0,0
520181001212G1520181G0028,其他烧成窑,88,1985,101,吨,250,C,2001,61.65,0,2002,67.33,0,0,0
520181001212G172213831900,建筑卫生陶瓷窑,85,2005,203,万立方米,34,C,2001,98,F,2100,0,0,2099,0
520181001212G172213831900,其他工业炉窑,190,2007,102,吨,260,C,2001,98,F,2100,0,0,2099,0
520181001212G174113757300,其他烧成窑,88,2006,101,吨,300,C,2001,98,F,2100,0,0,2099,0
520181001214G1520181G0031,其他工业炉窑,190,2006,600,万千瓦时,2.4,C,2001,98,F,2100,0,0,2099,0
520181001215G1L0329000X00,铁合金熔炼炉,13,2005,101,吨,54.7,C,2001,98,F,2100,0,0,2099,0
520181100004G121578304900,其他烧成窑,88,2004,101,吨,300,C,2001,90,0,0,0,0,0,0
520181100004G121578304900,耐火材料用炉,83,,,,,C,2001,90,0,0,0,0,0,0
520181100004G174573858700,砖瓦窑,86,2000,101,吨,300,C,2001,90,0,0,0,0,0,0
520181100004G177058414500,建筑卫生陶瓷窑,85,2006,600,万千瓦时,12,C,2001,90,0,2002,15,0,2003,0
520181100004G177532595100,建筑卫生陶瓷窑,85,2006,600,万千瓦时,12,c,2002,15,0,2003,0,0,2001,90
520181100004G177532595100,,,,,,,c,2002,15,0,2003,0,0,2001,90
520181100004G178016323X00,建筑卫生陶瓷窑,85,2007,600,万千瓦时,30,C,2001,90,X2,2002,80.1,0,0,0
520181100004G178016323X00,,,,,,,C,2001,90,X2,2002,80.1,0,0,0
520181100004G178018287900,建筑卫生陶瓷窑,85,2007,600,万千瓦时,7.68,C,2002,9.6,0,2003,70,0,2001,57.1
520181100004G178018287900,干燥炉（窑）,90,2007,600,万千瓦时,2.82,C,2002,9.6,0,2003,70,0,2001,57.1
520181100005G1520181G0092,砖瓦窑,86,2005,106,吨,200,C,2002,9.6,0,2003,70,0,2001,57.1
520181100203G172214670600,砖瓦窑,86,7,101,吨,20,C,2002,9.6,0,2003,70,0,2001,57.1
520181100203G173662537X00,砖瓦窑,86,2006,101,吨,60,C,2002,9.6,0,2003,70,0,2001,57.1
520181100203G1L2100169700,砖瓦窑,86,2000,101,吨,20,C,2002,9.6,0,2003,70,0,2001,57.1
520181100206G1520181G0091,其他干燥炉（窑）,99,2007,101,吨,30,F,2001,90,Y1,2002,90,0,0,0
520181101001G174574426600,非金属熔化炉、冶炼炉,23,1970,600,万千瓦时,2013,A,2100,95,0,0,0,0,0,0
520181101001G174574426600,非金属熔化炉、冶炼炉,23,1970,600,万千瓦时,2461,A,2100,95,0,0,0,0,0,0
520181101001G174574426600,非金属熔化炉、冶炼炉,23,1972,600,万千瓦时,2283,A,2100,95,0,0,0,0,0,0
520181101001G174574426600,非金属熔化炉、冶炼炉,23,1971,600,万千瓦时,1920,A,2100,95,0,0,0,0,0,0
520181101001G174574426600,非金属熔化炉、冶炼炉,23,1982,600,万千瓦时,1757,A,2100,95,0,0,0,0,0,0
520181101001G174574426600,非金属熔化炉、冶炼炉,23,1992,600,万千瓦时,2207,A,2100,95,0,0,0,0,0,0
520181101001G174574426600,非金属熔化炉、冶炼炉,23,1992,600,万千瓦时,285,A,2100,95,0,0,0,0,0,0
520181101001G174574426600,非金属熔化炉、冶炼炉,23,1992,600,万千瓦时,2301,A,2100,95,0,0,0,0,0,0
520181101001G178017982100,其他熔化炉,25,2007,600,万千瓦时,1200,E,2100,97.4,0,0,0,0,0,0
520181101002G121578250500,其他熔炼炉,15,1992,600,万千瓦时,1600,E,2100,98,0,0,0,0,0,0
520181101004G121442712200,铁合金熔炼炉,13,1989,600,万千瓦时,3111,E,2100,0,0,0,0,0,0,0
520181101004G121442712200,铁合金熔炼炉,13,1989,600,万千瓦时,0,E,2100,0,0,0,0,0,0,0
520181101004G121442712200,铁合金熔炼炉,13,1989,600,万千瓦时,0,E,2100,0,0,0,0,0,0,0
520181101004G174110938800,铁合金熔炼炉,13,2003,600,万千瓦时,3039,E,2100,0,0,0,0,0,0,0
520181101004G174110938800,铁合金熔炼炉,13,2003,,,,E,2100,0,0,0,0,0,0,0
520181101004G174110938800,铁合金熔炼炉,13,2004,,,,E,2100,0,0,0,0,0,0,0
520181101004G174110938800,铁合金熔炼炉,13,2005,,,,E,2100,0,0,0,0,0,0,0
520181101004G174110938800,铁合金熔炼炉,13,2005,,,,E,2100,0,0,0,0,0,0,0
520181101004G174110938800,铁合金熔炼炉,13,2005,,,,E,2100,0,0,0,0,0,0,0
520181101004G174110938800,铁合金熔炼炉,13,2005,,,,E,2100,0,0,0,0,0,0,0
520181101004G176135623900,有色金属熔化炉,22,2006,600,万千瓦时,490,E,2100,96.7,0,0,0,0,0,0
520181101006G178976243100,冲天炉,24,2006,101,吨,432,E,2001,85,0,2100,98.8,0,0,0
520181101200G1L1287470100,砖瓦窑,86,2006,106,吨,8000,E,2001,85,0,2100,98.8,0,0,0
520181101201G174572536400,水泥窑,81,2004,101,吨,62243.6,D,2100,99.7,0,0,0,0,0,0
520181101205G178547892700,电弧炉,110,2006,600,万千瓦时,650,E,2100,96.4,0,0,0,0,0,0
520181101205G178547892700,电弧炉,110,2006,600,万千瓦时,650,E,2100,96.4,0,0,0,0,0,0
520181101205G178547892700,电弧炉,110,2006,600,万千瓦时,650,E,2100,96.4,0,0,0,0,0,0
520181101205G178547892700,电弧炉,110,2006,600,万千瓦时,650,E,2100,96.4,0,0,0,0,0,0
520181101208G1520181G0126,其他烧成窑,88,2007,101,吨,130,E,2100,96.4,0,0,0,0,0,0
520181101209G1520181G0121,其他烧成窑,88,2006,101,吨,40,E,2100,96.4,0,0,0,0,0,0
520181101209G1520181G0123,其他烧成窑,88,2007,101,吨,60,E,2100,96.4,0,0,0,0,0,0
520181101209G1520181G0124,其他烧成窑,88,2007,101,吨,30,E,2100,96.4,0,0,0,0,0,0
520181101209G1520181G0125,其他烧成窑,88,2006,101,吨,60,E,2100,96.4,0,0,0,0,0,0
520181101209G1520181G0127,其他烧成窑,88,2006,101,吨,90,E,2100,96.4,0,0,0,0,0,0
520181101209G1520181G0129,其他烧成窑,88,2006,101,吨,90,E,2100,96.4,0,0,0,0,0,0
520181101210G1520181G0122,其他烧成窑,88,2005,101,吨,60,E,2100,96.4,0,0,0,0,0,0
520181101211G1520181G0128,其他烧成窑,88,2004,101,吨,18,E,2100,96.4,0,0,0,0,0,0
520181101213G178547961200,水泥窑,81,2005,101,吨,3500,E,2100,99.5,0,0,0,0,0,0
520181101219G174111207700,其他熔炼炉,15,2007,600,万千瓦时,250,e,2100,97.4,0,0,0,0,0,0
520181101219G174574728000,电弧炉,110,2004,600,万千瓦时,1000,E,2100,97.4,0,0,0,0,0,0
520181101221G1520181G0163,砖瓦窑,86,2006,106,吨,3000,E,2100,97.4,0,0,0,0,0,0
520181101221G171431838700,砖瓦窑,86,2000,106,吨,4000,E,2100,97.4,0,0,0,0,0,0
520181101221G172211447200,砖瓦窑,86,2001,106,吨,3000,E,2100,97.4,0,0,0,0,0,0
520181101221G1X2236545700,其他工业炉窑,190,2003,101,吨,30,E,2100,97.4,0,0,0,0,0,0
520181101231G1520181G0164,砖瓦窑,86,2005,106,吨,4000,E,2100,97.4,0,0,0,0,0,0
520181101231G1L1288804600,砖瓦窑,86,2004,106,吨,4000,E,2100,97.4,0,0,0,0,0,0
520181101231G1X2236464900,水泥窑,81,1998,101,万吨,0.4,E,2100,90,0,0,0,0,0,0
520181101231G1X2236464900,水泥窑,81,1998,101,万吨,0.4,E,2100,90,0,0,0,0,0,0
520181101237G175016806400,铁合金熔炼炉,13,2004,105,吨,5015.11,E,2100,91.8,0,0,0,0,0,0
520181101237G175016806400,铁合金熔炼炉,13,2004,105,吨,8047.12,E,2100,91.8,0,0,0,0,0,0
520181101237G175016806400,铁合金熔炼炉,13,2004,105,吨,9806.09,E,2100,91.8,0,0,0,0,0,0
520181101237G178015836900,电弧炉,110,2005,600,万千瓦时,2111.03,F,2100,97.4,E,0,0,0,0,0
520181102201G171431863500,砖瓦窑,86,2001,101,吨,40,F,2100,97.4,E,0,0,0,0,0
520181102203G1520181G0250,其他干燥炉（窑）,99,1998,101,吨,60,F,2100,97.4,E,0,0,0,0,0
520181102203G1520181G0251,冲天炉,24,2002,105,吨,15,F,2100,97.4,E,0,0,0,0,0
520181102203G175539349801,高炉,11,2005,105,吨,7000,E,2100,97.1,0,0,0,0,0,0
520181102203G175539349804,熔煅烧炉（窑）,100,2007,101,吨,60,E,2100,97.1,0,0,0,0,0,0
520181102203G1X2236465700,感应炉（高温冶炼）,120,1995,106,吨,24.58,E,2100,97.1,0,0,0,0,0,0
520181102204G175539349800,高炉,11,2005,105,吨,5000,G,2100,94.2,0,0,0,0,0,0
520181102204G175539349800,烧结机,61,2006,105,吨,25000,G,2100,94.2,0,0,0,0,0,0
520181102225G1L0327406900,砖瓦窑,86,2002,101,吨,40,G,2100,94.2,0,0,0,0,0,0
520181102233G173094884800,水泥窑,81,1996,101,吨,9704.9,A,2001,60,C,2001,95.8,0,0,0
520181102233G173094884800,水泥窑,81,1984,101,吨,7294.3,A,2001,60,C,2001,95.8,0,0,0
520181103201G1L0328820900,砖瓦窑,86,2005,101,吨,30,A,2001,60,C,2001,95.8,0,0,0
520181201202G171431810900,其他烧成窑,88,2007,101,吨,1000,A,2001,60,C,2001,95.8,0,0,0
520181201202G171431810900,其他烧成窑,88,2007,101,吨,1000,A,2001,60,C,2001,95.8,0,0,0
520181201202G1L1289982900,其他烧成窑,88,2007,101,吨,2000,A,2001,60,C,2001,95.8,0,0,0
520181201202G1L1289982900,其他烧成窑,88,2007,101,吨,2000,A,2001,60,C,2001,95.8,0,0,0
520181201207G174111381800,其他烧成窑,88,2006,101,吨,1000,A,2001,60,C,2001,95.8,0,0,0
520181201207G174111381800,其他烧成窑,88,2006,101,吨,1000,A,2001,60,C,2001,95.8,0,0,0
520181201207G174111381800,其他烧成窑,88,2006,101,吨,1000,A,2001,60,C,2001,95.8,0,0,0
520181201207G174111381800,其他烧成窑,88,2006,101,吨,1000,A,2001,60,C,2001,95.8,0,0,0
520181201207G174111548900,其他烧成窑,88,2006,101,吨,1000,A,2001,60,C,2001,95.8,0,0,0
520181201207G174111548900,其他烧成窑,88,2006,101,吨,1000,A,2001,60,C,2001,95.8,0,0,0
520181201207G174111548900,其他烧成窑,88,2006,101,吨,1000,A,2001,60,C,2001,95.8,0,0,0
520181201207G174111548900,其他烧成窑,88,2006,101,吨,1000,A,2001,60,C,2001,95.8,0,0,0
520181201207G177056412800,其他烧成窑,88,2005,101,吨,1000,A,2001,60,C,2001,95.8,0,0,0
520181201207G177056412800,其他烧成窑,88,2005,101,吨,1000,A,2001,60,C,2001,95.8,0,0,0
520181201207G178548206100,其他烧成窑,88,2005,101,吨,1000,A,2001,60,C,2001,95.8,0,0,0
520181201207G178548206100,其他烧成窑,88,2005,101,吨,500,A,2001,60,C,2001,95.8,0,0,0
520181201207G1L0325655700,其他烧成窑,88,2006,101,吨,2000,A,2001,60,C,2001,95.8,0,0,0
520181201207G1L0325655700,其他烧成窑,88,2006,101,吨,2000,A,2001,60,C,2001,95.8,0,0,0
520181201207G1L0325655700,其他烧成窑,88,2006,101,吨,1000,A,2001,60,C,2001,95.8,0,0,0
520181201207G1L0325655700,其他烧成窑,88,2006,101,吨,1000,A,2001,60,C,2001,95.8,0,0,0
520181202200G172213823900,水泥窑,81,2000,101,吨,3930,E,2001,99.7,0,2100,99,0,0,0
520181202200G178976242300,高炉,11,1993,105,吨,11000,F,2001,87,E,2100,89,0,2002,60
520181205207G174114097500,砖瓦窑,86,2007,101,吨,30,F,2001,87,E,2100,89,0,2002,60
